provnum,provname,address,city,state,zip,pnlty_date,pnlty_type,fine_amt
455497,CREEKSIDE TERRACE REHABILITATION,1555 POWELL AVENUE,BELTON,TX,76513,1/2/15,Fine,5525
675056,STANTON NURSING AND REHABILITATION LP,1100 W BROADWAY,STANTON,TX,79782,1/8/15,Fine,7670
455678,SUMMER MEADOWS,301 HOLLYBROOK DR,LONGVIEW,TX,75605,1/15/15,Fine,1268
675501,HERITAGE OAKS WEST RETIREMENT VILLAGE,3300 W 2ND AVE,CORSICANA,TX,75110,1/15/15,Fine,1300
675793,BROOKHOLLOW HEIGHTS TRANSITIONAL CARE CENTER,1737 N LOOP W,HOUSTON,TX,77008,1/16/15,Fine,239655
675536,HILL COUNTRY REHAB AND NURSING CENTER,810 INDUSTRIAL AVE,COPPERAS COV,TX,76522,1/21/15,Fine,4875
675892,GULF POINTE PLAZA,1008 ENTERPRISE BLVD,ROCKPORT,TX,78382,1/22/15,Fine,2405
676171,MAGNOLIA MANOR NURSING HOME,510 E BONHAM,JEFFERSON,TX,75657,1/22/15,Fine,845
675739,REGENT CARE CENTER OF THE WOODLANDS LIMITED PARTNE,10450 GOSLING RD,THE WOODLAND,TX,77381,1/23/15,Fine,70000
676219,WINDCREST HEALTHCARE CENTER,6050 HOSPITAL DR,ABILENE,TX,79606,1/23/15,Fine,52391
675111,HERITAGE GARDENS REHABILITATION AND HEALTHCARE,2135 N DENTON DR,CARROLLTON,TX,75006,1/25/15,Fine,72378
675093,LAKESIDE REHABILITATION AND CARE CENTER,4306 24TH ST,LUBBOCK,TX,79410,1/26/15,Fine,1885
675210,HERITAGE HOUSE NURSING AND REHABILITATION,407 N COLLEGE ST,ROSEBUD,TX,76570,1/26/15,Fine,3900
675096,HOMESTEAD NURSING AND REHABILITATION OF HILLSBORO,1725 OLD BRANDON RD,HILLSBORO,TX,76645,1/28/15,Fine,56951
675664,SUNNY SPRINGS NURSING & REHAB,1200  JACKSON ST N,SULPHUR SPRI,TX,75482,1/28/15,Fine,3000
676311,WATKINS-LOGAN-GARRISON TEXAS STATE VETERAN'S HOME,11466 HONOR LANE,TYLER,TX,75708,1/29/15,Fine,3900
455996,THE RENAISSANCE AT KESSLER PARK,2428 BAHAMA DR,DALLAS,TX,75211,1/31/15,Fine,1625
455996,THE RENAISSANCE AT KESSLER PARK,2428 BAHAMA DR,DALLAS,TX,75211,1/31/15,Fine,1625
676351,THE LANDING AT WATERMERE,201 WATERMERE DRIVE,SOUTHLAKE,TX,76092,1/31/15,Fine,119633
675133,HIGHLAND PINES NURSING HOME LTD,1100 N 4TH ST,LONGVIEW,TX,75601,2/3/15,Fine,18266
455970,RIVER VALLEY HEALTH & REHABILITATION CENTER,1907 REFINERY RD,GAINESVILLE,TX,76240,2/5/15,Fine,36660
455705,THE MONTEVISTA AT CORONADO,1575 BELVIDERE,EL PASO,TX,79912,2/6/15,Fine,2600
675483,IOWA PARK HEALTHCARE CENTER,1109 N THIRD ST,IOWA PARK,TX,76367,2/6/15,Fine,23512
675684,MISSION RIDGE REHABILITATION & NURSING CENTER LP,401 SWIFT ST,REFUGIO,TX,78377,2/10/15,Fine,5525
675379,HAVENCARE NURSING AND REHABILITATION CENTER LLC,111 RUTHLYNN DR,LONGVIEW,TX,75601,2/11/15,Fine,1268
675379,HAVENCARE NURSING AND REHABILITATION CENTER LLC,111 RUTHLYNN DR,LONGVIEW,TX,75601,2/11/15,Fine,2275
676052,IMMANUEL'S HEALTHCARE,4515 VILLAGE CREEK RD,FORT WORTH,TX,76119,2/12/15,Fine,3750
676052,IMMANUEL'S HEALTHCARE,4515 VILLAGE CREEK RD,FORT WORTH,TX,76119,2/12/15,Fine,3750
675769,STAMFORD RESIDENCE AND REHABILITATION CENTER,1003 COLUMBIA,STAMFORD,TX,79553,2/13/15,Fine,35650
676321,WINDSOR NURSING AND REHABILITATION CENTER OF CORPU,3030 FIG ST,CORPUS CHRIS,TX,78404,2/20/15,Fine,136000
675755,WINDSOR PLACE,507 E W M WATSON BLVD,DAINGERFIELD,TX,75638,2/21/15,Fine,1800
675885,BURLESON ST JOSEPH MANOR,1022 PRESIDENTIAL CORRIDOR HWY 21,CALDWELL,TX,77836,2/26/15,Fine,1235
675972,CARROLLTON HEALTH AND REHABILITATION CENTER,1618 KIRBY RD,CARROLLTON,TX,75006,2/27/15,Fine,41250
675587,REGENCY MANOR HEALTHCARE CENTER,3011 W ADAMS AVE,TEMPLE,TX,76504,3/2/15,Fine,57070
675991,PARK MANOR OF HUMBLE,19424 MCKAY DR,HUMBLE,TX,77338,3/4/15,Fine,70526
676121,SILVER TREE NURSING AND REHABILITATION CENTER,930 ROY RICHARD DR,SCHERTZ,TX,78154,3/5/15,Fine,3250
676121,SILVER TREE NURSING AND REHABILITATION CENTER,930 ROY RICHARD DR,SCHERTZ,TX,78154,3/5/15,Fine,2600
675910,DESERT GARDENS NURSING AND REHABILITATION CENTER,3203 SAGE ST,MIDLAND,TX,79705,3/11/15,Fine,92496
675009,COLEMAN HEALTHCARE CENTER,2713 S COMMERCIAL AVE,COLEMAN,TX,76834,3/12/15,Fine,5525
455493,VISTA HILLS HEALTH CARE CENTER,1599 LOMALAND DR,EL PASO,TX,79935,3/16/15,Fine,57600
675988,HILLTOP PARK REHABILITATION AND CARE CENTER,970 HILLTOP DR,WEATHERFORD,TX,76086,3/20/15,Fine,9913
675782,VALLEY VIEW CARE CENTER,101 LIBERTY LN,ANSON,TX,79501,3/23/15,Fine,8580
676155,THE COURTYARDS AT PASADENA,4048 RED BLUFF ROAD,PASADENA,TX,77503,3/24/15,Fine,30453
675016,GREAT PLAINS NURSING AND REHABILITATION,315 E 19TH,DUMAS,TX,79029,3/26/15,Fine,23660
675081,GOLDEN ACRES LIVING AND REHABILITATION CENTER,2525 CENTERVILLE RD,DALLAS,TX,75228,3/27/15,Fine,18428
455523,MORNINGSIDE MANOR,602 BABCOCK RD,SAN ANTONIO,TX,78201,4/2/15,Fine,8500
675032,CEDAR HILL HEALTHCARE CENTER,230 S CLARK RD,CEDAR HILL,TX,75104,4/3/15,Fine,1300
675032,CEDAR HILL HEALTHCARE CENTER,230 S CLARK RD,CEDAR HILL,TX,75104,4/3/15,Fine,1300
675150,ODD FELLOW AND REBEKAH NURSING HOME,2300 SOUTH OAK GROVE RD,ENNIS,TX,75119,4/9/15,Fine,83525
675836,HILL COUNTRY CARE CENTER,111 HOSPITAL DR,JUNCTION,TX,76849,4/10/15,Fine,13066
676342,ST. TERESA NURSING AND REHABILITATION CENTER,10350 MONTANA AVENUE,EL PASO,TX,79925,4/10/15,Fine,22881
455591,RENFRO HEALTHCARE CENTER,1413 W MAIN ST,WAXAHACHIE,TX,75165,4/17/15,Fine,17225
675650,GARDEN TERRACE ALZHEIMERS CENTER OF EXCELLENCE,7500 OAKMONT BLVD,FORT WORTH,TX,76132,4/17/15,Fine,16120
676031,SENIOR CARE OF MEADOW CREEK,4343 OAK GROVE BLVD,SAN ANGELO,TX,76904,4/18/15,Fine,30518
455972,LINDALE HEALTHCARE CENTER,215 MARGARET ST,LINDALE,TX,75771,4/23/15,Fine,1800
455969,PATRIOT HEIGHTS HEALTH CARE CENTER,5000 FAWN MEADOW,SAN ANTONIO,TX,78240,4/27/15,Fine,86515
675893,THE LEGACY AT PRESTON HOLLOW,11409 N CENTRAL EXPWY,DALLAS,TX,75243,4/27/15,Fine,5600
675893,THE LEGACY AT PRESTON HOLLOW,11409 N CENTRAL EXPWY,DALLAS,TX,75243,4/27/15,Fine,1760
455804,NORTHGATE HEALTH AND REHABILITATION CENTER,5757 N KNOLL,SAN ANTONIO,TX,78240,4/28/15,Fine,25740
675387,CARTHAGE LTC PARTNERS INC,501 COTTAGE RD,CARTHAGE,TX,75633,4/28/15,Fine,1950
676273,PARK MANOR OF THE WOODLANDS,1014 WINDSOR LAKE BOULEVARD,THE WOODLAND,TX,77384,5/1/15,Fine,28503
455497,CREEKSIDE TERRACE REHABILITATION,1555 POWELL AVENUE,BELTON,TX,76513,5/6/15,Fine,57752
455834,SOUTH PLACE NURSING CENTER,150 GIBSON RD,ATHENS,TX,75751,5/7/15,Fine,9653
675701,LAWRENCE STREET HEALTH CARE CENTER,615 LAWRENCE ST,TOMBALL,TX,77375,5/7/15,Fine,5850
675352,BRENTWOOD PLACE THREE,3505 S BUCKNER BLVD BLDG 4,DALLAS,TX,75227,5/8/15,Fine,116025
675722,FORT STOCKTON LIVING & REHABILITATION,501 N SYCAMORE,FORT STOCKTO,TX,79735,5/8/15,Fine,71744
675877,OAKWOOD NURSING AND REHABILITATION LP,301 W RANDOL MILL RD,ARLINGTON,TX,76011,5/11/15,Fine,77058
675444,REUNION PLAZA SENIOR CARE AND REHABILITATION CENTE,1401 HAMPTON RD,TEXARKANA,TX,75503,5/13/15,Fine,3900
675460,PARK HIGHLANDS NURSING & REHABILITATION CENTER,711 LUCAS ST,ATHENS,TX,75751,5/14/15,Fine,1268
675960,CASTLE PINES HEALTH AND REHABILITATION,2414 W FRANK AVE,LUFKIN,TX,75904,5/14/15,Fine,2340
675561,HERITAGE PLAZA NURSING CENTER,600 W 52ND ST,TEXARKANA,TX,75501,5/20/15,Fine,1885
675561,HERITAGE PLAZA NURSING CENTER,600 W 52ND ST,TEXARKANA,TX,75501,5/20/15,Fine,2925
455570,MINERAL WELLS NURSING & REHABILITATION,316 SW 25TH AVE,MINERAL WELL,TX,76067,5/22/15,Fine,3900
675321,FAITH MEMORIAL NURSING HOME,811 GARNER RD,PASADENA,TX,77502,5/23/15,Fine,11245
675210,HERITAGE HOUSE NURSING AND REHABILITATION,407 N COLLEGE ST,ROSEBUD,TX,76570,5/26/15,Fine,25741
676060,AMBROSIO GUILLEN TEXAS STATE VETERANS HOME,9650 KENWORTHY ST,EL PASO,TX,79924,5/26/15,Fine,1300
675999,SAINT JAMES HOUSE OF BAYTOWN,5800 W BAKER RD,BAYTOWN,TX,77520,5/27/15,Fine,34100
455718,PEBBLE CREEK NURSING CENTER,11608 SCOTT SIMPSON DR,EL PASO,TX,79936,5/28/15,Fine,1235
455718,PEBBLE CREEK NURSING CENTER,11608 SCOTT SIMPSON DR,EL PASO,TX,79936,5/28/15,Fine,943
675281,COTTONWOOD CREEK HEALTHCARE COMMUNITY,1111 W SHORE DR,RICHARDSON,TX,75080,5/29/15,Fine,2275
675686,WINTERHAVEN HEALTHCARE RESIDENCE,6534 STUEBNER AIRLINE RD,HOUSTON,TX,77091,5/29/15,Fine,1268
675686,WINTERHAVEN HEALTHCARE RESIDENCE,6534 STUEBNER AIRLINE RD,HOUSTON,TX,77091,5/29/15,Fine,1268
676257,TRUCARE LIVING CENTERS,2265 S SYCAMORE ST,PALESTINE,TX,75801,6/3/15,Fine,1235
675279,VILLA HAVEN HEALTH AND REHABILITATION CENTER,300 S JACKSON ST,BRECKENRIDGE,TX,76424,6/5/15,Fine,3575
675279,VILLA HAVEN HEALTH AND REHABILITATION CENTER,300 S JACKSON ST,BRECKENRIDGE,TX,76424,6/5/15,Fine,1950
675399,NAVASOTA NURSING AND REHABILITATION LP,1405 E WASHINGTON,NAVASOTA,TX,77868,6/8/15,Fine,1463
675434,SILVER PINES NURSING AND REHABILITATION LP,503 OLD AUSTIN HIGHWAY,BASTROP,TX,78602,6/9/15,Fine,81348
675958,CHRISTIAN CARE CENTER,1008 CITIZENS TRAIL,TEXARKANA,TX,75501,6/10/15,Fine,20800
675587,REGENCY MANOR HEALTHCARE CENTER,3011 W ADAMS AVE,TEMPLE,TX,76504,6/11/15,Fine,23150
675756,WILLIAMSBURG VILLAGE HEALTHCARE CAMPUS,941 SCOTLAND DR,DESOTO,TX,75115,6/11/15,Fine,235000
675891,SENIOR CARE HEALTH AND REHABILITATION - BRIDGEPORT,2108 15TH ST,BRIDGEPORT,TX,76426,6/11/15,Fine,157300
676184,PROVIDENCE PARK REHABILITATION AND SKILLED NURSING,5505 NEW COPELAND RD,TYLER,TX,75703,6/16/15,Fine,2275
455485,THE CLAIRMONT TYLER,900 S BAXTER AVE,TYLER,TX,75701,6/18/15,Fine,4000
675127,HUMBLE HEALTHCARE CENTER,93 ISAACKS RD,HUMBLE,TX,77338,6/19/15,Fine,1950
675927,CRANE NURSING & REHABILITATION CENTER,699 CAMPUS DR,CRANE,TX,79731,6/19/15,Fine,1300
675454,WEST OAKS NURSING & REHAB CENTER,3625 GREEN CREST,HOUSTON,TX,77082,6/23/15,Fine,40950
455429,COLONIAL TYLER CARE CENTER,930 S BAXTER,TYLER,TX,75701,6/24/15,Fine,10000
676012,MYSTIC PARK NURSING & REHAB CENTER,8503 MYSTIC PARK,SAN ANTONIO,TX,78254,6/24/15,Fine,5200
675222,SEABREEZE NURSING AND REHABILITATION LP,6602 MEMORIAL DR,TEXAS CITY,TX,77590,6/25/15,Fine,1268
675222,SEABREEZE NURSING AND REHABILITATION LP,6602 MEMORIAL DR,TEXAS CITY,TX,77590,6/25/15,Fine,1268
455684,CLAIRMONT LONGVIEW,3201 N FOURTH ST,LONGVIEW,TX,75605,6/29/15,Fine,1800
675493,HIGHLAND PARK CARE CENTER,2714 MORRISON,HOUSTON,TX,77009,6/30/15,Fine,20605
455618,EDEN HOME INC,631 LAKEVIEW BLVD,NEW BRAUNFEL,TX,78130,7/2/15,Fine,4225
675948,PARK PLACE MANOR INC,810 E 13TH AVE,BELTON,TX,76513,7/2/15,Fine,1300
676188,MILLBROOK HEALTHCARE AND REHABILITATION CENTER,1850 W PLEASANT RUN RD,LANCASTER,TX,75146,7/2/15,Fine,3900
676291,OAKCREST MANOR NURSING HOME,9808 CROFFORD LN,AUSTIN,TX,78724,7/2/15,Fine,2100
675654,BROOKDALE GUADALUPE RIVER PLAZA,808 GUADALUPE,KERRVILLE,TX,78028,7/3/15,Fine,20443
675911,GRANGER VILLA,800 N COMMERCE ST,GRANGER,TX,76530,7/3/15,Fine,35490
455528,RETAMA MANOR NURSING CENTER/LAREDO-WEST,1200 LANE,LAREDO,TX,78043,7/6/15,Fine,650
455528,RETAMA MANOR NURSING CENTER/LAREDO-WEST,1200 LANE,LAREDO,TX,78043,7/6/15,Fine,650
675264,ATHENS HEALTHCARE AND REHABILITATION CENTER,305 S PALESTINE ST,ATHENS,TX,75751,7/8/15,Fine,14040
676309,BAYWOOD CROSSING REHABILITATION & HEALTHCARE CENTE,5020 SPACE CENTER BLVD,PASADENA,TX,77505,7/8/15,Fine,1268
676309,BAYWOOD CROSSING REHABILITATION & HEALTHCARE CENTE,5020 SPACE CENTER BLVD,PASADENA,TX,77505,7/8/15,Fine,1268
455915,GRANBURY CARE CENTER,301 S PARK ST,GRANBURY,TX,76048,7/15/15,Fine,26650
675597,FREE STATE CRESTWOOD,1448 HOUSTON ST,WILLS POINT,TX,75169,7/15/15,Fine,18850
676313,LAREDO NURSING AND REHABILITATION CENTER,1701 TOURNAMENT TRAIL DR,LAREDO,TX,78041,7/16/15,Fine,1235
676006,RICHMOND HEALTH CARE CENTER,705 JACKSON ST,RICHMOND,TX,77469,7/27/15,Fine,44753
675603,ROSE HAVEN RETREAT,200 LIVE OAK ST,ATLANTA,TX,75551,7/29/15,Fine,8515
676170,ST DOMINIC VILLAGE NURSING HOME,2409 E HOLCOMBE BLVD,HOUSTON,TX,77021,7/30/15,Fine,35600
676381,WEST HOUSTON REHABILITATION AND HEALTHCARE CENTER,13428 BISSONNET,HOUSTON,TX,77083,7/30/15,Fine,27593
675851,GEORGIA MANOR NURSING HOME,2611 W 46TH AVE,AMARILLO,TX,79110,8/2/15,Fine,16315
455565,PALESTINE HEALTHCARE CENTER,1816 TILE FACTORY RD,PALESTINE,TX,75801,8/4/15,Fine,5850
455673,PARKWOOD PLACE HEALTHCARE CENTER,300 N BYNUM,LUFKIN,TX,75904,8/4/15,Fine,1300
676241,GREENHILL VILLAS,2530 GREENHILL RD,MOUNT PLEASA,TX,75455,8/5/15,Fine,23677
455929,GRANBURY REHAB & NURSING,2124 PALUXY HWY,GRANBURY,TX,76048,8/6/15,Fine,98
675346,HERITAGE OAKS NURSING AND REHABILITATION CENTER,5301 UNIVERSITY AVE,LUBBOCK,TX,79413,8/6/15,Fine,1170
676202,PARK VALLEY INN HEALTH CENTER,17751 PARK VALLEY DR,ROUND ROCK,TX,78681,8/6/15,Fine,780
455480,HERITAGE CONVALESCENT CENTER,1009 CLYDE ST,AMARILLO,TX,79106,8/11/15,Fine,975
675065,CENTERVILLE HEALTHCARE CENTER,103 TEAKWOOD ST,CENTERVILLE,TX,75833,8/13/15,Fine,19305
675183,TWIN OAKS HEALTH AND REHABILITATION CENTER,1123 N BOLTON ST,JACKSONVILLE,TX,75766,8/13/15,Fine,2405
675037,PITTSBURG NURSING CENTER,123 PECAN GROVE,PITTSBURG,TX,75686,8/14/15,Fine,96266
675689,VILLAGE HEALTHCARE AND REHABILITATION,615 N WARE RD,MCALLEN,TX,78501,8/18/15,Fine,99938
675719,TRISUN CARE CENTER-SINTON,936 W FOURTH ST,SINTON,TX,78387,8/20/15,Fine,140466
675452,ROSEWOOD REHABILITATION AND CARE CENTER,7700 MESQUITE PASS,CONVERSE,TX,78109,8/21/15,Fine,45208
675498,HILLSIDE HEIGHTS REHABILITATION SUITES,6650 SOUTH SONCY ROAD,AMARILLO,TX,79119,8/26/15,Fine,10725
455582,BAY VILLA HEALTHCARE CENTER,1800 13TH ST,BAY CITY,TX,77414,8/27/15,Fine,1950
675366,MAGNIFIED NURSING AND REHABILITATION LP,1115 ANDERSON,COLLEGE STAT,TX,77840,8/28/15,Fine,33150
675820,THE LENNWOOD NURSING AND REHABILITATION,8017 W VIRGINIA DR,DALLAS,TX,75237,8/28/15,Fine,160989
675017,CROSS COUNTRY HEALTHCARE CENTER,1514 INDIAN CREEK RD,BROWNWOOD,TX,76801,9/2/15,Fine,1750
675017,CROSS COUNTRY HEALTHCARE CENTER,1514 INDIAN CREEK RD,BROWNWOOD,TX,76801,9/2/15,Fine,16250
675838,BIRCHWOOD NURSING AND REHABILITATION LP,110 W HWY 64,COOPER,TX,75432,9/3/15,Fine,2925
675838,BIRCHWOOD NURSING AND REHABILITATION LP,110 W HWY 64,COOPER,TX,75432,9/3/15,Fine,2925
676253,LEGEND OAKS HEALTHCARE AND REHABILITATION - ENNIS,1400 MEDICAL CENTER DRIVE,ENNIS,TX,75119,9/4/15,Fine,1203
676253,LEGEND OAKS HEALTHCARE AND REHABILITATION - ENNIS,1400 MEDICAL CENTER DRIVE,ENNIS,TX,75119,9/4/15,Fine,1203
675806,THE LAURENWOOD NURSING AND REHABILITATION,330 W CAMP WISDOM RD,DUNCANVILLE,TX,75116,9/5/15,Fine,8500
675240,THE SPRINGS,704 N TAYLOR RD,HUGHES SPRIN,TX,75656,9/10/15,Fine,1450
676123,FAIRFIELD NURSING & REHABILITATION CENTER,420 MOODY ST,FAIRFIELD,TX,75840,9/12/15,Fine,100466
455800,WESTCHASE HEALTH AND REHABILITATION CENTER,8820 TOWN PARK DR,HOUSTON,TX,77036,9/15/15,Fine,1950
455925,VERANDA REHABILITATION AND HEALTHCARE,4301 S EXPRESSWAY 83,HARLINGEN,TX,78550,9/15/15,Fine,1000
455925,VERANDA REHABILITATION AND HEALTHCARE,4301 S EXPRESSWAY 83,HARLINGEN,TX,78550,9/15/15,Fine,1000
455745,TIMBERWOOD NURSING AND REHABILITATION CENTER,4001 HWY 59 NORTH,LIVINGSTON,TX,77351,9/16/15,Fine,84793
676069,EDGEWOOD MANOR,4925 ELIZABETH ST,TEXARKANA,TX,75503,9/16/15,Fine,76440
675565,PARKWOOD HEALTHCARE COMMUNITY,2600 PARKVIEW DR,BEDFORD,TX,76022,9/21/15,Fine,36953
675622,CITYVIEW CARE CENTER,5801 BRYANT IRVIN RD,FORT WORTH,TX,76132,9/24/15,Fine,81900
675495,LAUREL COURT,3830 MUSTANG ROAD,ALVIN,TX,77511,9/28/15,Fine,1800
675001,EASTLAND NURSING & REHABILITATION,700 S OSTROM ST,EASTLAND,TX,76448,9/29/15,Fine,1138
455478,QUALITY CARE OF WACO,2501 MAPLE AVE,WACO,TX,76707,9/30/15,Fine,59216
455579,SULPHUR SPRINGS HEALTH AND REHABILITATION,411 AIRPORT RD,SULPHUR SPRI,TX,75482,10/2/15,Fine,1463
455940,LUBBOCK HOSPITALITY NURSING AND REHABILITATION CEN,4710 SLIDE RD,LUBBOCK,TX,79414,10/2/15,Fine,2600
675096,HOMESTEAD NURSING AND REHABILITATION OF HILLSBORO,1725 OLD BRANDON RD,HILLSBORO,TX,76645,10/8/15,Fine,8450
675056,STANTON NURSING AND REHABILITATION LP,1100 W BROADWAY,STANTON,TX,79782,10/9/15,Fine,9500
675568,OASIS NURSING & REHABILITATION CENTER,9001 N LOOP,EL PASO,TX,79907,10/15/15,Fine,1463
676107,CORPUS CHRISTI NURSING AND REHABILITATION CENTER,2735 AIRLINE RD,CORPUS CHRIS,TX,78414,10/15/15,Fine,14625
676188,MILLBROOK HEALTHCARE AND REHABILITATION CENTER,1850 W PLEASANT RUN RD,LANCASTER,TX,75146,10/17/15,Fine,59930
455572,WEDGEWOOD NURSING HOME,6621 DAN DANCIGER RD,FORT WORTH,TX,76133,10/28/15,Fine,1300
455572,WEDGEWOOD NURSING HOME,6621 DAN DANCIGER RD,FORT WORTH,TX,76133,10/28/15,Fine,1339
675037,PITTSBURG NURSING CENTER,123 PECAN GROVE,PITTSBURG,TX,75686,10/28/15,Fine,54145
676019,LAMPSTAND NURSING AND REHABILITATION LP,2001 E 29TH ST,BRYAN,TX,77802,10/29/15,Fine,1300
455871,LYNWOOD NURSING AND REHABILITATION LP,803 S ALAMO,LEVELLAND,TX,79336,10/30/15,Fine,1300
675909,INDIAN OAKS LIVING CENTER,415 INDIAN OAKS DR,HARKER HEIGH,TX,76548,11/2/15,Fine,1105
676025,AUTUMN LEAVES NURSING AND REHAB INC,321 KILGORE DRIVE,HENDERSON,TX,75652,11/5/15,Fine,1040
676344,"MOUNT MORIAH HEALTH AND REHABILITATION, LLC",355 FM 83 W,HEMPHILL,TX,75948,11/11/15,Fine,1170
675101,OAKLAND MANOR NURSING CENTER,1400 N MAIN ST,GIDDINGS,TX,78942,11/13/15,Fine,1300
676068,WEST TEXAS LTC PARTNERS INC,1915 GREENWOOD ST,SAN ANGELO,TX,76901,11/13/15,Fine,2438
676012,MYSTIC PARK NURSING & REHAB CENTER,8503 MYSTIC PARK,SAN ANTONIO,TX,78254,11/17/15,Fine,1040
676012,MYSTIC PARK NURSING & REHAB CENTER,8503 MYSTIC PARK,SAN ANTONIO,TX,78254,11/17/15,Fine,1040
675132,BREMOND NURSING AND REHABILITATION CENTER,211 N MAIN,BREMOND,TX,76629,11/19/15,Fine,32175
675719,TRISUN CARE CENTER-SINTON,936 W FOURTH ST,SINTON,TX,78387,11/19/15,Fine,27950
675820,THE LENNWOOD NURSING AND REHABILITATION,8017 W VIRGINIA DR,DALLAS,TX,75237,11/20/15,Fine,24106
455887,SOUTHWOOD CARE CENTER,3759 VALLEY VIEW RD,AUSTIN,TX,78704,11/24/15,Fine,1300
455831,PARIS HEALTHCARE CENTER,610 DESHONG DR,PARIS,TX,75460,12/3/15,Fine,20735
675020,GREENVILLE HEALTH & REHABILITATION CENTER,4910 WELLINGTON ST,GREENVILLE,TX,75402,12/3/15,Fine,32695
675594,TERRACE WEST NURSING AND REHABILITATION LP,2800 MIDLAND DR,MIDLAND,TX,79707,12/10/15,Fine,5525
675630,FALFURRIAS NURSING AND REHABILITATION LP,1301 S TERRELL ST,FALFURRIAS,TX,78355,12/15/15,Fine,32500
675924,REGENT CARE CENTER OF WOODWAY,7801 WOODWAY DR,WACO,TX,76712,12/16/15,Fine,12156
675117,RUNNINGWATER DRAW CARE CENTER INC,800  W  13TH  ST,OLTON,TX,79064,12/17/15,Fine,21255
676186,CAMBRIDGE LTC PARTNERS INC,1621 BUTLER,DIMMITT,TX,79027,12/17/15,Fine,3900
675128,MIDWESTERN HEALTHCARE CENTER,601 MIDWESTERN PKWY,WICHITA FALL,TX,76302,12/18/15,Fine,1203
675326,CENTRAL TEXAS NURSING & REHABILITATION,1800 N BROADWAY ST,BALLINGER,TX,76821,12/18/15,Fine,1268
455513,LAMPASAS NURSING AND REHABILITATION CENTER,611 N BROAD ST,LAMPASAS,TX,76550,12/23/15,Fine,11830
675210,HERITAGE HOUSE NURSING AND REHABILITATION,407 N COLLEGE ST,ROSEBUD,TX,76570,1/10/14,Fine,1744
676220,GRANITE MESA HEALTH CENTER,1401 MAX COPELAND DR,MARBLE FALLS,TX,78654,1/10/14,Fine,3500
676220,GRANITE MESA HEALTH CENTER,1401 MAX COPELAND DR,MARBLE FALLS,TX,78654,1/10/14,Fine,2000
676052,IMMANUELS HEALTHCARE,4515 VILLAGE CREEK RD,FORT WORTH,TX,76119,1/11/14,Fine,115011
675939,VINTAGE HEALTH CARE CENTER,205 N BONNIE BRAE,DENTON,TX,76201,1/15/14,Fine,1300
675939,VINTAGE HEALTH CARE CENTER,205 N BONNIE BRAE,DENTON,TX,76201,1/15/14,Fine,1300
676004,THE HILLS NURSING & REHABILITATION,201 E THOMPSON ST,DECATUR,TX,76234,1/16/14,Fine,2600
675387,CARTHAGE LTC PARTNERS INC,501 COTTAGE RD,CARTHAGE,TX,75633,1/17/14,Fine,24050
675982,"PARK PLAZA LTC PARTNERS, INC.",2210 HOWARD ST,SAN ANGELO,TX,76901,1/17/14,Fine,4875
675553,THE HERITAGE NURSING HOME,1026 E GOODE ST,QUITMAN,TX,75783,1/22/14,Fine,5200
675420,BRAZOSVIEW HEALTHCARE CENTER,2127 PRESTON ST,RICHMOND,TX,77469,1/23/14,Fine,1463
676273,PARK MANOR OF THE WOODLANDS,1014 WINDSOR LAKE BOULEVARD,THE WOODLAND,TX,77384,1/27/14,Fine,2600
455532,PLEASANT SPRINGS HEALTHCARE CENTER,2003 N EDWARDS ST,MOUNT PLEASA,TX,75455,1/29/14,Fine,1300
455532,PLEASANT SPRINGS HEALTHCARE CENTER,2003 N EDWARDS ST,MOUNT PLEASA,TX,75455,1/29/14,Fine,2600
455862,RETIREMENT AND NURSING CENTER AUSTIN,6909 BURNET LN,AUSTIN,TX,78757,1/29/14,Fine,8500
455881,DFW NURSING & REHAB,900 W LEUDA ST,FORT WORTH,TX,76104,1/30/14,Fine,6500
675972,CARROLLTON HEALTH AND REHABILITATION CENTER,1618 KIRBY RD,CARROLLTON,TX,75006,1/30/14,Fine,51286
676206,ARBOR VIEW REHABILITATION & NURSING CENTER,218 BALTIC,EDINBURG,TX,78539,1/30/14,Fine,1300
675587,REGENCY MANOR HEALTHCARE CENTER,3011 W ADAMS AVE,TEMPLE,TX,76504,1/31/14,Fine,4875
675754,TRAYMORE NURSING CENTER,4315 HOPKINS AVE,DALLAS,TX,75209,1/31/14,Fine,2405
675793,LEXINGTON PLACE NURSING & REHABILITATION,1737 N LOOP W,HOUSTON,TX,77008,1/31/14,Fine,1463
676322,ARBOR GRACE SKILLED NURSING AND REHABILITATION LLC,144 FM 1252 WEST,KILGORE,TX,75662,1/31/14,Fine,8000
675144,TRINITY NURSING AND REHABILITATION OF BURLESON LP,600 MAPLE ST,BURLESON,TX,76028,2/4/14,Fine,148015
455503,THE ROSEWOOD RETIREMENT COMMUNITY,5700 E CENTRAL TEXAS EXPWY,KILLEEN,TX,76543,2/6/14,Fine,5038
455673,PARKWOOD PLACE HEALTHCARE CENTER,300 N BYNUM,LUFKIN,TX,75904,2/6/14,Fine,5200
455831,PARIS HEALTHCARE CENTER,610 DESHONG DR,PARIS,TX,75460,2/6/14,Fine,16380
675797,SENIOR CARE OF WESTON INN,2505 S 37TH ST,TEMPLE,TX,76504,2/6/14,Fine,813
675103,TRINITY NURSING AND REHABILITATION OF ITALY LP,220 DAVENPORT ST,ITALY,TX,76651,2/7/14,Fine,2925
675103,TRINITY NURSING AND REHABILITATION OF ITALY LP,220 DAVENPORT ST,ITALY,TX,76651,2/7/14,Fine,2925
676285,REMARKABLE HEALTHCARE OF FORT WORTH,6649 N RIVERSIDE DR,FORT WORTH,TX,76137,2/7/14,Fine,4000
676285,REMARKABLE HEALTHCARE OF FORT WORTH,6649 N RIVERSIDE DR,FORT WORTH,TX,76137,2/7/14,Fine,4140
675020,GREENVILLE HEALTH & REHABILITATION CENTER,4910 WELLINGTON ST,GREENVILLE,TX,75402,2/9/14,Fine,20670
455599,HERITAGE PARK REHABILITATION AND NURSING CENTER,2806 REAL ST,AUSTIN,TX,78722,2/10/14,Fine,2900
675915,PARK PLACE CARE CENTER,121 FM 971,GEORGETOWN,TX,78626,2/12/14,Fine,1138
455670,RIDGECREST RETIREMENT CENTER,1900 HWY 6 W,WACO,TX,76712,2/13/14,Fine,1216
675668,WOOD MEMORIAL NURSING HOME,320 GREENVILLE HIGHWAY,MINEOLA,TX,75773,2/13/14,Fine,6250
676345,BEL AIR AT TERAVISTA,4105 TERAVISTA CLUB DRIVE,ROUND ROCK,TX,78665,2/13/14,Fine,1300
675017,CROSS COUNTRY HEALTHCARE CENTER,1514 INDIAN CREEK RD,BROWNWOOD,TX,76801,2/14/14,Fine,6400
675127,HUMBLE HEALTHCARE CENTER,93 ISAACKS RD,HUMBLE,TX,77338,2/14/14,Fine,1950
675127,HUMBLE HEALTHCARE CENTER,93 ISAACKS RD,HUMBLE,TX,77338,2/14/14,Fine,1463
675810,LANCASTER NURSING & REHABILITATION CENTER,1515 N ELM ST,LANCASTER,TX,75134,2/14/14,Fine,1105
675810,LANCASTER NURSING & REHABILITATION CENTER,1515 N ELM ST,LANCASTER,TX,75134,2/14/14,Fine,1008
675756,WILLIAMSBURG VILLAGE HEALTHCARE CAMPUS,941 SCOTLAND DR,DESOTO,TX,75115,2/16/14,Fine,74999
676269,RAYBURN HEALTH CARE & REHABILITATION,144 BULLDOG AVENUE,JASPER,TX,75951,2/19/14,Fine,2302
455577,COMMUNITY CARE CENTER OF CROCKETT,1150 E LOOP 304,CROCKETT,TX,75835,2/20/14,Fine,2275
455577,COMMUNITY CARE CENTER OF CROCKETT,1150 E LOOP 304,CROCKETT,TX,75835,2/20/14,Fine,2275
675809,WESTRIDGE NURSING AND REHABILITATION LP,1241 WESTRIDGE AVE,LANCASTER,TX,75146,2/20/14,Fine,2925
676227,COPPERAS HOLLOW NURSING & REHABILITATION CENTER,345 COUNTRY CLUB DR,CALDWELL,TX,77836,2/24/14,Fine,48750
455957,SANTA FE HEALTH & REHABILITATION CENTER,1205 SANTA FE DR,WEATHERFORD,TX,76086,2/27/14,Fine,25500
676098,THE PLAZA AT RICHARDSON,1301 RICHARDSON DR,RICHARDSON,TX,75080,2/27/14,Fine,35393
455557,THE PALMS NURSING AND REHABILITATION LP,5607 EVERHART RD,CORPUS CHRIS,TX,78411,3/3/14,Fine,1300
675817,SOUTHWEST NURSING AND REHABILITATION CENTER,5300 ALTA MESA BLVD,FORT WORTH,TX,76133,3/5/14,Fine,2925
675004,MCKINNEY HEALTHCARE AND REHABILITATION CENTER,253 ENTERPRISE DR,MCKINNEY,TX,75069,3/6/14,Fine,3250
675897,FRANKLIN NURSING HOME,700 HEARNE ST,FRANKLIN,TX,77856,3/6/14,Fine,2113
676337,WINDSOR HOUSTON,6920 T.C. JESTER BLVD,HOUSTON,TX,77091,3/6/14,Fine,3750
675081,GOLDEN ACRES LIVING AND REHABILITATION CENTER,2525 CENTERVILLE RD,DALLAS,TX,75228,3/7/14,Fine,68400
675402,ROCKWALL NURSING CARE CENTER,206 STORRS,ROCKWALL,TX,75087,3/7/14,Fine,26163
676077,GIBSON CARE CENTER,931 N BROADWAY,ASPERMONT,TX,79502,3/12/14,Fine,1138
455959,WESTWARD TRAILS NURSING AND REHABILITATION,3001 WESTWARD DR,NACOGDOCHES,TX,75964,3/13/14,Fine,813
675391,PINE ARBOR,705 HWY 418 W,SILSBEE,TX,77656,3/13/14,Fine,6540
676095,WEST OAKS REHABILITATION AND HEALTHCARE CENTER,3200 W. SLAUGHTER LANE,AUSTIN,TX,78748,3/17/14,Fine,33118
676059,PARK MANOR OF WESTCHASE,11910 RICHMOND AVE,HOUSTON,TX,77082,3/18/14,Fine,2500
676059,PARK MANOR OF WESTCHASE,11910 RICHMOND AVE,HOUSTON,TX,77082,3/18/14,Fine,2500
676059,PARK MANOR OF WESTCHASE,11910 RICHMOND AVE,HOUSTON,TX,77082,3/18/14,Fine,2500
676059,PARK MANOR OF WESTCHASE,11910 RICHMOND AVE,HOUSTON,TX,77082,3/18/14,Fine,2500
675098,FARWELL CONVALESCENT CENTER,305 FIFTH ST,FARWELL,TX,79325,3/19/14,Fine,5363
675889,PLEASANT MANOR HEALTH & REHABILITATION CENTER,3650 S IH 35 E,WAXAHACHIE,TX,75165,3/20/14,Fine,6013
675572,GLEN ROSE NURSING AND REHAB CENTER,1019 HOLDEN ST,GLEN ROSE,TX,76043,3/21/14,Fine,9000
675241,PINE HILL NURSING AND REHABILITATION,1307 MARTIN LUTHER KING DR,JEFFERSON,TX,75657,4/2/14,Fine,1268
455891,RENAISSANCE PARK MULTI CARE CENTER,4252 BRYANT IRVIN RD,FORT WORTH,TX,76109,4/3/14,Fine,2000
675182,BROWNFIELD REHABILITATION AND CARE CENTER,510 S FIRST ST,BROWNFIELD,TX,79316,4/4/14,Fine,4550
455509,NOLAN NURSING AND REHABILITATION LP,705 NE GEORGIA AVENUE,SWEETWATER,TX,79556,4/8/14,Fine,1138
675797,SENIOR CARE OF WESTON INN,2505 S 37TH ST,TEMPLE,TX,76504,4/8/14,Fine,1300
675719,TRISUN CARE CENTER-SINTON,936 W FOURTH ST,SINTON,TX,78387,4/10/14,Fine,1300
675963,NORTH POINTE NURSING AND REHABILITATION LP,7804 VIRGIL R ANTHONY BLVD,WATAUGA,TX,76148,4/10/14,Fine,396825
676207,THE COLONNADES AT REFLECTION BAY,12001 SHADOW CREEK PARKWAY,PEARLAND,TX,77584,4/16/14,Fine,1625
676207,THE COLONNADES AT REFLECTION BAY,12001 SHADOW CREEK PARKWAY,PEARLAND,TX,77584,4/16/14,Fine,1625
455412,BROOKHAVEN NURSING AND REHABILITATION CENTER,1855 CHEYENNE,CARROLLTON,TX,75010,4/17/14,Fine,1170
675821,MADISONVILLE CARE CENTER,411 E COLLARD,MADISONVILLE,TX,77864,4/17/14,Fine,1268
675202,LEXINGTON PLACE NURSING & REHABILITATION,611 NW STALLINGS DR,NACOGDOCHES,TX,75961,4/22/14,Fine,1118
675907,TRINITY NURSING AND REHABILITATION OF DIBOLL LP,900 S TEMPLE DR,DIBOLL,TX,75941,4/22/14,Fine,2925
675907,TRINITY NURSING AND REHABILITATION OF DIBOLL LP,900 S TEMPLE DR,DIBOLL,TX,75941,4/22/14,Fine,2962
455579,SULPHUR SPRINGS HEALTH AND REHABILITATION,411 AIRPORT RD,SULPHUR SPRI,TX,75482,4/23/14,Fine,16738
675230,PINE GROVE NURSING CENTER,246 HALEY DRIVE,CENTER,TX,75935,4/27/14,Fine,5850
455715,MONUMENT REHABILITATION AND NURSING CENTER,120 STATE LOOP 92,LA GRANGE,TX,78945,4/29/14,Fine,5200
675408,OVERTON HEALTHCARE CENTER,1110 HWY 135 S,OVERTON,TX,75684,4/30/14,Fine,1365
675408,OVERTON HEALTHCARE CENTER,1110 HWY 135 S,OVERTON,TX,75684,4/30/14,Fine,6143
675906,BENBROOK NURSING & REHABILITATION CENTER,1000 MCKINLEY ST,BENBROOK,TX,76126,5/5/14,Fine,2178
675906,BENBROOK NURSING & REHABILITATION CENTER,1000 MCKINLEY ST,BENBROOK,TX,76126,5/5/14,Fine,2178
675177,PINE TREE LODGE NURSING CENTER,2711 PINE TREE RD,LONGVIEW,TX,75604,5/7/14,Fine,1950
675439,MULLICAN CARE CENTER,105 N MAIN ST,SAVOY,TX,75479,5/8/14,Fine,975
675788,OAK MANOR NURSING AND REHABILITATION LP,2901 STERLING HART DR,COMMERCE,TX,75428,5/8/14,Fine,975
675788,OAK MANOR NURSING AND REHABILITATION LP,2901 STERLING HART DR,COMMERCE,TX,75428,5/8/14,Fine,975
455876,THE WOODLANDS HEALTHCARE CENTER LP,4650 S PANTHER CREEK DR,THE WOODLAND,TX,77381,5/9/14,Fine,1268
675251,COUNTRY MEADOWS NURSING & REHABILITATION CENTER,3301 PARK ROW BLVD,CORSICANA,TX,75110,5/14/14,Fine,1300
675251,COUNTRY MEADOWS NURSING & REHABILITATION CENTER,3301 PARK ROW BLVD,CORSICANA,TX,75110,5/14/14,Fine,1300
675819,PARK MANOR OF SOUTH BELT,11902 RESOURCE PKWY,HOUSTON,TX,77089,5/14/14,Fine,33638
676350,THE HEIGHTS OF TOMBALL,27840 JOHNSON ROAD,TOMBALL,TX,77375,5/14/14,Fine,1268
455557,THE PALMS NURSING AND REHABILITATION LP,5607 EVERHART RD,CORPUS CHRIS,TX,78411,5/15/14,Fine,188550
675550,PECAN TREE REHAB AND HEALTHCARE CENTER,1900 E CALIFORNIA ST,GAINESVILLE,TX,76240,5/16/14,Fine,2600
675550,PECAN TREE REHAB AND HEALTHCARE CENTER,1900 E CALIFORNIA ST,GAINESVILLE,TX,76240,5/16/14,Fine,2600
455932,OLNEY HEALTHCARE CENTER,1302 W PAYNE ST,OLNEY,TX,76374,5/21/14,Fine,2275
676019,LAMPSTAND NURSING AND REHABILITATION LP,2001 E 29TH ST,BRYAN,TX,77802,5/21/14,Fine,1170
675986,PARK MANOR OF CYPRESS STATION,420 LANTERN BEND DR,HOUSTON,TX,77090,5/22/14,Fine,37440
675144,TRINITY NURSING AND REHABILITATION OF BURLESON LP,600 MAPLE ST,BURLESON,TX,76028,5/23/14,Fine,1495
675144,TRINITY NURSING AND REHABILITATION OF BURLESON LP,600 MAPLE ST,BURLESON,TX,76028,5/23/14,Fine,1495
675350,CARE INN OF ABILENE,4934 S 7TH ST,ABILENE,TX,79604,5/27/14,Fine,55250
676318,WINDMILL VILLAGE REHABILITATION AND HEALTH CARE CE,507 MARTIN LUTHER KING BLVD,LUBBOCK,TX,79403,5/28/14,Fine,1700
675312,PALMA REAL,1220 LOOP 459,MATHIS,TX,78368,5/29/14,Fine,3250
675312,PALMA REAL,1220 LOOP 459,MATHIS,TX,78368,5/29/14,Fine,3250
675596,MONTE SIESTA NURSING AND REHABILITATION LP,4501 DUDMAR DR,AUSTIN,TX,78735,5/29/14,Fine,1625
455493,VISTA HILLS HEALTH CARE CENTER,1599 LOMALAND DR,EL PASO,TX,79935,5/30/14,Fine,1138
675847,SENIOR CITIZENS NURSING HOME,506 VAN NESS,WINTERS,TX,79567,5/30/14,Fine,1268
675597,FREE STATE CRESTWOOD,1448 HOUSTON ST,WILLS POINT,TX,75169,6/2/14,Fine,1138
676178,DUNCANVILLE HEALTHCARE AND REHABILITATION CENTER,419 S COCKRELL HILL RD,DUNCANVILLE,TX,75116,6/3/14,Fine,44200
675561,HERITAGE PLAZA NURSING CENTER,600 W 52ND ST,TEXARKANA,TX,75501,6/4/14,Fine,2600
675561,HERITAGE PLAZA NURSING CENTER,600 W 52ND ST,TEXARKANA,TX,75501,6/4/14,Fine,2600
675768,MOUNTAIN VILLA NURSING CENTER,2729 PORTER AVE,EL PASO,TX,79930,6/4/14,Fine,26878
676162,VIVIANS NURSING HOME,508 N TAYLOR,AMARILLO,TX,79107,6/4/14,Fine,2763
676162,VIVIANS NURSING HOME,508 N TAYLOR,AMARILLO,TX,79107,6/4/14,Fine,2763
676336,CONTINUING CARE AT EAGLES TRACE,14703 EAGLE VISTA DRIVE BLDG 601B,HOUSTON,TX,77077,6/5/14,Fine,4713
455606,PARK VIEW CARE CENTER,3301 VIEW ST,FORT WORTH,TX,76103,6/10/14,Fine,5850
455728,LEXINGTON PLACE NURSING & REHABILITATION,1661 W YOAKUM,ARANSAS PASS,TX,78336,6/10/14,Fine,2925
455728,LEXINGTON PLACE NURSING & REHABILITATION,1661 W YOAKUM,ARANSAS PASS,TX,78336,6/10/14,Fine,2925
455900,MOUNT PLEASANT HEALTHCARE CENTER,1606 MEMORIAL AVE,MOUNT PLEASA,TX,75455,6/11/14,Fine,3300
455900,MOUNT PLEASANT HEALTHCARE CENTER,1606 MEMORIAL AVE,MOUNT PLEASA,TX,75455,6/11/14,Fine,1800
455602,WESTERN HILLS HEALTHCARE RESIDENCE LTD,400 OLD SIDNEY RD,COMANCHE,TX,76442,6/13/14,Fine,1138
676152,SEVEN ACRES JEWISH SENIOR CARE SERVICES INC,6200 N BRAESWOOD,HOUSTON,TX,77074,6/13/14,Fine,1203
676139,SENIOR CARE OF GREEN OAKS,3033 W GREEN OAKS BLVD,ARLINGTON,TX,76016,6/16/14,Fine,27951
455359,HARBOR VIEW CARE CENTER,1314 3RD STREET,CORPUS CHRIS,TX,78401,6/18/14,Fine,2000
675424,GREEN OAKS REHAB & NURSING,500 VALLE VISTA DR,ATHENS,TX,75751,6/19/14,Fine,1300
455416,THE COURTYARDS AT FORT WORTH,8001 WESTERN HILLS BLVD,FORT WORTH,TX,76108,6/20/14,Fine,1300
455549,RETAMA MANOR NURSING CENTER/JOURDANTON,1504 OAK ST,JOURDANTON,TX,78026,6/23/14,Fine,5200
675695,COLLEGE STREET HEALTH CARE CENTER,4150 COLLEGE ST,BEAUMONT,TX,77707,6/25/14,Fine,3500
455675,PLUM CREEK HEALTH CARE CENTER,5601 PLUM CREEK DR,AMARILLO,TX,79124,6/26/14,Fine,1100
455675,PLUM CREEK HEALTH CARE CENTER,5601 PLUM CREEK DR,AMARILLO,TX,79124,6/26/14,Fine,1100
676160,REGENT CARE CENTER OF KINGWOOD,23775 KINGWOOD PLACE,KINGWOOD,TX,77339,6/27/14,Fine,1235
676174,CAMERON NURSING AND REHAB,2202 N TRAVIS ST,CAMERON,TX,76520,6/27/14,Fine,37668
675680,BRENTWOOD PLACE ONE,3505 S BUCKNER BLVD BLDG 2,DALLAS,TX,75227,6/30/14,Fine,1300
675680,BRENTWOOD PLACE ONE,3505 S BUCKNER BLVD BLDG 2,DALLAS,TX,75227,6/30/14,Fine,1300
675680,BRENTWOOD PLACE ONE,3505 S BUCKNER BLVD BLDG 2,DALLAS,TX,75227,6/30/14,Fine,1300
675680,BRENTWOOD PLACE ONE,3505 S BUCKNER BLVD BLDG 2,DALLAS,TX,75227,6/30/14,Fine,1300
675680,BRENTWOOD PLACE ONE,3505 S BUCKNER BLVD BLDG 2,DALLAS,TX,75227,6/30/14,Fine,1300
455972,LINDALE HEALTHCARE CENTER,215 MARGARET ST,LINDALE,TX,75771,7/1/14,Fine,1495
675388,HILLVIEW MANOR,1110 RICE ST,GOLDTHWAITE,TX,76844,7/3/14,Fine,5200
455904,ROWLETT HEALTH AND REHABILITATION CENTER,9300 LAKEVIEW PKWY,ROWLETT,TX,75088,7/6/14,Fine,141960
455517,GARDENDALE REHABILITATION AND NURSING CENTER,1521 E RUSK,JACKSONVILLE,TX,75766,7/9/14,Fine,1365
675911,GRANGER VILLA,800 N COMMERCE ST,GRANGER,TX,76530,7/10/14,Fine,2275
676025,AUTUMN LEAVES NURSING AND REHAB INC,321 KILGORE DRIVE,HENDERSON,TX,75652,7/10/14,Fine,1365
675444,REUNION PLAZA SENIOR CARE AND REHABILITATION CENTE,1401 HAMPTON RD,TEXARKANA,TX,75503,7/16/14,Fine,2958
676305,THE STAYTON AT MUSEUM WAY,2501 MUSEUM WAY,FORT WORTH,TX,76107,7/17/14,Fine,5000
676305,THE STAYTON AT MUSEUM WAY,2501 MUSEUM WAY,FORT WORTH,TX,76107,7/17/14,Fine,5000
676340,ROCK HAVEN NURSING HOME,401 S E STALLINGS DR,NACOGDOCHES,TX,75964,7/17/14,Fine,1268
675717,SAN RAFAEL NURSING AND REHABILITATION CENTER,3050 SUNNYBROOK RD,CORPUS CHRIS,TX,78415,7/21/14,Fine,2000
676123,FAIRFIELD NURSING & REHABILITATION CENTER,420 MOODY ST,FAIRFIELD,TX,75840,7/22/14,Fine,1300
675408,OVERTON HEALTHCARE CENTER,1110 HWY 135 S,OVERTON,TX,75684,7/23/14,Fine,5000
675408,OVERTON HEALTHCARE CENTER,1110 HWY 135 S,OVERTON,TX,75684,7/23/14,Fine,5000
675924,REGENT CARE CENTER OF WOODWAY,7801 WOODWAY DR,WACO,TX,76712,7/23/14,Fine,1950
676053,MERKEL NURSING CENTER,1704 N 1ST,MERKEL,TX,79536,7/23/14,Fine,1300
675597,FREE STATE CRESTWOOD,1448 HOUSTON ST,WILLS POINT,TX,75169,7/28/14,Fine,1333
675295,LYTLE NURSING HOME,15366 OAK ST,LYTLE,TX,78052,7/29/14,Fine,3640
675162,BRIARCLIFF NURSING AND REHABILITATION CENTER,3201 N WARE RD,MCALLEN,TX,78501,7/31/14,Fine,9653
676276,LAKEWEST REHABILITATION AND SKILLED CARE,2450 BICKERS ST,DALLAS,TX,75212,8/1/14,Fine,9880
675402,ROCKWALL NURSING CARE CENTER,206 STORRS,ROCKWALL,TX,75087,8/7/14,Fine,15210
675790,GARLAND NURSING AND REHABILITATION LP,321 N SHILOH RD,GARLAND,TX,75042,8/14/14,Fine,1040
675835,CHEROKEE TRAILS NURSING HOME,330 E BAGLEY RD,RUSK,TX,75785,8/14/14,Fine,1800
676147,SENIOR CARE OF STALLINGS COURT,4616 NE STALLINGS DR,NACOGDOCHES,TX,75965,8/19/14,Fine,41763
455840,THE ARBORS HEALTHCARE AND REHABILITATION INC,1884 LOOP 343 WEST,RUSK,TX,75785,8/20/14,Fine,15015
675670,TRISUN CARE CENTER-WESTWOOD,801 CANTWELL LN,CORPUS CHRIS,TX,78408,8/26/14,Fine,10000
675996,RIVER OAKS HEALTH AND REHABILITATION CENTER,300 NORTH ST,COLUMBUS,TX,78934,8/27/14,Fine,5000
675996,RIVER OAKS HEALTH AND REHABILITATION CENTER,300 NORTH ST,COLUMBUS,TX,78934,8/27/14,Fine,5000
676179,SENIOR CARE OF MIDLAND,3000 MOCKINGBIRD LN,MIDLAND,TX,79705,8/27/14,Fine,1300
675912,AZALEA PLACE HEALTHCARE & REHABILITATION,810 S PORTER AVE,TYLER,TX,75701,8/28/14,Fine,3250
675912,AZALEA PLACE HEALTHCARE & REHABILITATION,810 S PORTER AVE,TYLER,TX,75701,8/28/14,Fine,3250
675913,PFLUGERVILLE CARE CENTER,521 S HEATHERWILDE BLVD,PFLUGERVILLE,TX,78660,8/28/14,Fine,9000
676359,CORNERSTONE RETIREMENT COMMUNITY,4100 MOORES LN,TEXARKANA,TX,75503,8/28/14,Fine,3250
676359,CORNERSTONE RETIREMENT COMMUNITY,4100 MOORES LN,TEXARKANA,TX,75503,8/28/14,Fine,2275
455429,COLONIAL TYLER CARE CENTER,930 S BAXTER,TYLER,TX,75701,9/4/14,Fine,51090
676194,LEGEND OAKS HEALTH AND REHABILITATION - KATY,21727 PROVINCIAL BLVD,KATY,TX,77450,9/4/14,Fine,3000
675637,WOOLDRIDGE PLACE NURSING CENTER,7352 WOOLDRIDGE RD,CORPUS CHRIS,TX,78414,9/6/14,Fine,42608
675894,PARK MANOR OF CONROE,1600 GRAND LAKE DR,CONROE,TX,77301,9/9/14,Fine,1268
675894,PARK MANOR OF CONROE,1600 GRAND LAKE DR,CONROE,TX,77301,9/9/14,Fine,1268
455834,SOUTH PLACE NURSING CENTER,150 GIBSON RD,ATHENS,TX,75751,9/10/14,Fine,1300
455962,KAUFMAN HEALTHCARE CENTER,3001 S HOUSTON ST,KAUFMAN,TX,75142,9/10/14,Fine,1300
675812,"WHISPERING PINES NURSING AND REHABILITATION, LP",910 S BEECH ST,WINNSBORO,TX,75494,9/10/14,Fine,650
675812,"WHISPERING PINES NURSING AND REHABILITATION, LP",910 S BEECH ST,WINNSBORO,TX,75494,9/10/14,Fine,650
676310,SOLERA AT WEST HOUSTON,2101 GREENHOUSE ROAD,HOUSTON,TX,77084,9/12/14,Fine,1300
675201,HILLSIDE NURSING AND REHABILITATION LP,101 S 34TH ST,GATESVILLE,TX,76528,9/17/14,Fine,5525
455682,AFTON OAKS NURSING CENTER,7514 KINGSLEY ST,HOUSTON,TX,77087,9/18/14,Fine,1300
455643,MATAGORDA HOUSE HEALTHCARE CENTER,700 12TH ST,BAY CITY,TX,77414,9/24/14,Fine,4550
455835,INTERLOCHEN HEALTH AND REHABILITATION CENTER,2645 W RANDOL MILL RD,ARLINGTON,TX,76012,9/26/14,Fine,1625
675649,STONEBRIDGE SN HEALTH CENTER,11127 CIRCLE DR,AUSTIN,TX,78736,9/29/14,Fine,1300
676101,KINDRED TRANSITIONAL CARE AND REHABILITATION-RIDGM,6600 LANDS END COURT,FORT WORTH,TX,76116,9/29/14,Fine,158535
455940,LUBBOCK HOSPITALITY NURSING AND REHABILITATION CEN,4710 SLIDE RD,LUBBOCK,TX,79414,10/1/14,Fine,1105
675438,LAKE SHORE VILLAGE HEALTHCARE CENTER,2320 LAKE SHORE DR,WACO,TX,76708,10/2/14,Fine,5050
676234,THE VILLAGE AT GLEANNLOCH FARMS,9505 NORTH POINTE BLVD,SPRING,TX,77379,10/2/14,Fine,14950
675918,GRACY WOODS NURSING CENTER,12021 METRIC BLVD,AUSTIN,TX,78758,10/9/14,Fine,1170
675062,HEARNE HEALTHCARE CENTER,1101 W BROWN ST,HEARNE,TX,77859,10/13/14,Fine,46540
676036,VISTA RIDGE NURSING & REHABILITATION CENTER,700 E VISTA RIDGE MALL DR,LEWISVILLE,TX,75067,10/15/14,Fine,32403
676063,ALFREDO GONZALEZ TEXAS STATE VETERANS HOME,301 E YUMA AVE,MCALLEN,TX,78503,10/15/14,Fine,18135
675018,RIVER OAKS HEALTH AND REHABILITATION CENTER,2416 NW 18TH ST,FORT WORTH,TX,76106,10/16/14,Fine,1300
675317,DEERINGS NURSING AND REHABILITATION LP,1020 N COUNTY RD WEST,ODESSA,TX,79763,10/17/14,Fine,24115
675017,CROSS COUNTRY HEALTHCARE CENTER,1514 INDIAN CREEK RD,BROWNWOOD,TX,76801,10/20/14,Fine,2275
455509,NOLAN NURSING AND REHABILITATION LP,705 NE GEORGIA AVENUE,SWEETWATER,TX,79556,10/23/14,Fine,1300
455589,FORTRESS NURSING AND REHABILITATION LP,1105 ROCK PRAIRIE RD,COLLEGE STAT,TX,77845,10/28/14,Fine,2925
455834,SOUTH PLACE NURSING CENTER,150 GIBSON RD,ATHENS,TX,75751,10/29/14,Fine,3250
455871,LYNWOOD NURSING AND REHABILITATION LP,803 S ALAMO,LEVELLAND,TX,79336,10/29/14,Fine,780
455871,LYNWOOD NURSING AND REHABILITATION LP,803 S ALAMO,LEVELLAND,TX,79336,10/29/14,Fine,715
455871,LYNWOOD NURSING AND REHABILITATION LP,803 S ALAMO,LEVELLAND,TX,79336,10/29/14,Fine,780
455871,LYNWOOD NURSING AND REHABILITATION LP,803 S ALAMO,LEVELLAND,TX,79336,10/29/14,Fine,780
675279,VILLA HAVEN HEALTH AND REHABILITATION CENTER,300 S JACKSON ST,BRECKENRIDGE,TX,76424,10/30/14,Fine,4225
676178,DUNCANVILLE HEALTHCARE AND REHABILITATION CENTER,419 S COCKRELL HILL RD,DUNCANVILLE,TX,75116,11/3/14,Fine,34353
675997,CARILLON INC,1717 A NORFOLK AVE,LUBBOCK,TX,79416,11/6/14,Fine,715
675434,SILVER PINES NURSING AND REHABILITATION LP,503 OLD AUSTIN HIGHWAY,BASTROP,TX,78602,11/17/14,Fine,2275
676028,SOUTHERN SPECIALTY REHAB & NURSING,4320 W 19TH ST,LUBBOCK,TX,79407,11/19/14,Fine,715
676028,SOUTHERN SPECIALTY REHAB & NURSING,4320 W 19TH ST,LUBBOCK,TX,79407,11/19/14,Fine,650
676028,SOUTHERN SPECIALTY REHAB & NURSING,4320 W 19TH ST,LUBBOCK,TX,79407,11/19/14,Fine,780
676028,SOUTHERN SPECIALTY REHAB & NURSING,4320 W 19TH ST,LUBBOCK,TX,79407,11/19/14,Fine,780
675037,PITTSBURG NURSING CENTER,123 PECAN GROVE,PITTSBURG,TX,75686,11/20/14,Fine,60516
675722,FORT STOCKTON LIVING & REHABILITATION,501 N SYCAMORE,FORT STOCKTO,TX,79735,11/21/14,Fine,24570
675774,LEGEND HEALTHCARE AND REHABILITATION - GREENVILLE,2300 JACK FINNEY BLVD,GREENVILLE,TX,75402,11/21/14,Fine,9685
455901,PROMISE SKILLED NURSING FACILITY OF WICHITA FALLS,1101 GRACE ST,WICHITA FALL,TX,76301,11/26/14,Fine,9231
676105,THE PLAZA AT LUBBOCK,4910 EMORY,LUBBOCK,TX,79416,12/2/14,Fine,2275
676105,THE PLAZA AT LUBBOCK,4910 EMORY,LUBBOCK,TX,79416,12/2/14,Fine,2600
455516,LAKEWOOD VILLAGE HEALTH CARE CENTER,5100 RANDOL MILL RD,FORT WORTH,TX,76112,12/8/14,Fine,2535
455916,UNIVERSITY PARK NURSING AND REHABILITATION LP,4511 CORONADO AVE,WICHITA FALL,TX,76310,12/8/14,Fine,166725
675194,METROPLEX NURSING AND REHABILITATION LP,658 SW 3RD ST,GRAND PRAIRI,TX,75051,12/15/14,Fine,110110
675171,MERIDIAN CARE,7181 CRESTWAY DR,SAN ANTONIO,TX,78239,12/18/14,Fine,2080
675171,MERIDIAN CARE,7181 CRESTWAY DR,SAN ANTONIO,TX,78239,12/18/14,Fine,2080
676031,SENIOR CARE OF MEADOW CREEK,4343 OAK GROVE BLVD,SAN ANGELO,TX,76904,12/21/14,Fine,12155
455416,TRINITY HEALTHCARE RESIDENCE,8001 WESTERN HILLS BLVD,FORT WORTH,TX,76108,5/20/16,Fine,8190
455429,COLONIAL TYLER CARE CENTER,930 S BAXTER,TYLER,TX,75701,5/19/16,Fine,1170
455444,MESA VISTA INN HEALTH CENTER,5756 N KNOLL DR,SAN ANTONIO,TX,78240,4/11/16,Fine,2275
455444,MESA VISTA INN HEALTH CENTER,5756 N KNOLL DR,SAN ANTONIO,TX,78240,1/29/16,Fine,3933
455463,THE MEADOWS HEALTH AND REHABILITATION CENTER,8383 MEADOW RD,DALLAS,TX,75231,6/22/16,Fine,6500
455471,MOUNTAIN VIEW HEALTH & REHABILITATION,1600 MURCHISON RD,EL PASO,TX,79902,6/8/16,Fine,2650
455471,MOUNTAIN VIEW HEALTH & REHABILITATION,1600 MURCHISON RD,EL PASO,TX,79902,1/8/16,Fine,192140
455477,LAKE JACKSON HEALTHCARE CENTER,413 GARLAND DR,LAKE JACKSON,TX,77566,4/8/16,Fine,92658
455484,SAN JUAN NURSING HOME INC,300 N NEBRASKA,SAN JUAN,TX,78589,10/12/16,Fine,2316
455522,SENIOR CARE OF MARLANDWOOD WEST,1700 MARLANDWOOD RD,TEMPLE,TX,76502,1/15/16,Fine,5200
455528,RETAMA MANOR NURSING CENTER/LAREDO-WEST,1200 LANE,LAREDO,TX,78043,4/14/16,Fine,2405
455550,HOLIDAY NURSING CENTER,280 MOFFITT DR,CENTER,TX,75935,6/29/16,Fine,1950
455550,HOLIDAY NURSING CENTER,280 MOFFITT DR,CENTER,TX,75935,2/25/16,Fine,4063
455569,HERITAGE AT LONGVIEW HEALTHCARE CENTER,112 RUTH LYNN DR,LONGVIEW,TX,75605,4/27/16,Fine,29055
455574,WEATHERFORD HEALTH CARE CENTER,521 W 7TH ST,WEATHERFORD,TX,76086,8/4/16,Fine,43876
455574,WEATHERFORD HEALTH CARE CENTER,521 W 7TH ST,WEATHERFORD,TX,76086,5/19/16,Fine,5688
455575,RETAMA MANOR NURSING CENTER,2322 MORGAN AVE,CORPUS CHRIS,TX,78405,8/25/16,Fine,69849
455582,BAY VILLA HEALTHCARE CENTER,1800 13TH ST,BAY CITY,TX,77414,2/18/16,Fine,1885
455621,VALLEY GRANDE MANOR,1212 S BRIDGE,WESLACO,TX,78596,1/15/16,Fine,6208
455684,CLAIRMONT LONGVIEW,3201 N FOURTH ST,LONGVIEW,TX,75605,12/29/16,Fine,39550
455697,SENIOR CARE OF CORPUS CHRISTI,202 FORTUNE DR,CORPUS CHRIS,TX,78405,2/26/16,Fine,34710
455703,OAKMONT HEALTHCARE AND REHABILITATION CENTER OF K,1525 TULL DR,KATY,TX,77449,4/28/16,Fine,2925
455713,SUNRISE NURSING AND REHABILITATION CENTER,50 BRIGGS ST,SAN ANTONIO,TX,78224,7/14/16,Fine,87626
455718,PEBBLE CREEK NURSING CENTER,11608 SCOTT SIMPSON DR,EL PASO,TX,79936,5/5/16,Fine,3575
455724,EDGEWATER CARE CENTER,1213 WATER ST,KERRVILLE,TX,78028,5/18/16,Fine,93633
455796,TOWN AND COUNTRY MANOR,625 N MAIN ST,BOERNE,TX,78006,11/10/16,Fine,20706
455796,TOWN AND COUNTRY MANOR,625 N MAIN ST,BOERNE,TX,78006,9/15/16,Fine,9921
455800,WESTCHASE HEALTH AND REHABILITATION CENTER,8820 TOWN PARK DR,HOUSTON,TX,77036,1/16/16,Fine,15600
455812,FIRST COLONY HEALTH AND REHABILITATION CENTER,4710 LEXINGTON BLVD,MISSOURI CIT,TX,77459,8/3/16,Fine,139241
455815,CYPRESSWOOD HEALTH AND REHABILITATION CENTER,10851 CRESCENT MOON DR,HOUSTON,TX,77064,3/31/16,Fine,2536
455831,PARIS HEALTHCARE CENTER,610 DESHONG DR,PARIS,TX,75460,10/26/16,Fine,107411
455835,INTERLOCHEN HEALTH AND REHABILITATION CENTER,2645 W RANDOL MILL RD,ARLINGTON,TX,76012,11/10/16,Fine,29197
455835,INTERLOCHEN HEALTH AND REHABILITATION CENTER,2645 W RANDOL MILL RD,ARLINGTON,TX,76012,6/29/16,Fine,32175
455866,BROOKDALE WESTLAKE HILLS,1034 LIBERTY PARK DR,AUSTIN,TX,78746,10/12/16,Fine,1991
455876,THE WOODLANDS HEALTHCARE CENTER,4650 S PANTHER CREEK DR,THE WOODLAND,TX,77381,2/3/16,Fine,2536
455879,MARSHALL MANOR WEST,207 W MERRITT ST,MARSHALL,TX,75670,11/15/16,Fine,39368
455910,CHANDLER NURSING CENTER,300 CHERRY ST,CHANDLER,TX,75758,5/25/16,Fine,2730
455915,GRANBURY CARE CENTER,301 S PARK ST,GRANBURY,TX,76048,4/18/16,Fine,16900
455934,NORTHERN OAKS LIVING & REHABILITATION CENTER,2722 OLD ANSON RD,ABILENE,TX,79603,7/21/16,Fine,31343
455944,REGENCY HEALTHCARE AND REHABILITATION CENTER AT R,2407 WEST MAIN STREET,CLARKSVILLE,TX,75426,9/21/16,Fine,13244
455946,SWEETWATER HEALTHCARE CENTER,1600 JOSEPHINE ST,SWEETWATER,TX,79556,10/5/16,Fine,10896
455951,REGAL HEALTHCARE RESIDENCE,1000 AVE J,LAMPASAS,TX,76550,2/9/16,Fine,83265
455962,KAUFMAN HEALTHCARE CENTER,3001 S HOUSTON ST,KAUFMAN,TX,75142,5/28/16,Fine,39195
455963,CARTHAGE HEALTHCARE CENTER,701 S MARKET ST,CARTHAGE,TX,75633,7/1/16,Fine,1258
455972,LINDALE HEALTHCARE CENTER,215 MARGARET ST,LINDALE,TX,75771,11/10/16,Fine,2275
455972,LINDALE HEALTHCARE CENTER,215 MARGARET ST,LINDALE,TX,75771,9/16/16,Fine,28001
455974,OAK CREST NURSING CENTER,1902 FM 3036,ROCKPORT,TX,78382,2/19/16,Fine,4000
455994,DESOTO NURSING & REHABILITATION CENTER,1101 N HAMPTON RD,DESOTO,TX,75115,1/1/16,Fine,117975
675017,CROSS COUNTRY HEALTHCARE CENTER,1514 INDIAN CREEK RD,BROWNWOOD,TX,76801,4/11/16,Fine,1300
675018,RIVER OAKS HEALTH AND REHABILITATION CENTER,2416 NW 18TH ST,FORT WORTH,TX,76106,12/22/16,Fine,86137
675030,REGENT CARE CENTER OF LAREDO,7001 MCPHERSON RD,LAREDO,TX,78041,9/1/16,Fine,6113
675032,CEDAR HILL HEALTHCARE CENTER,230 S CLARK RD,CEDAR HILL,TX,75104,9/16/16,Fine,13342
675037,PITTSBURG NURSING CENTER,123 PECAN GROVE,PITTSBURG,TX,75686,4/12/16,Fine,900
675038,CLYDE NURSING CENTER,806 STEPHENS ST,CLYDE,TX,79510,7/11/16,Fine,2880
675046,ROSENBERG HEALTH & REHABILITATION CENTER,1419 MAHLMAN ST,ROSENBERG,TX,77471,5/15/16,Fine,22555
675062,HEARNE HEALTHCARE CENTER,1101 W BROWN ST,HEARNE,TX,77859,4/28/16,Fine,48000
675065,CENTERVILLE HEALTHCARE CENTER,103 TEAKWOOD ST,CENTERVILLE,TX,75833,9/29/16,Fine,70294
675071,YORKTOWN NURSING AND REHABILITATION CENTER,670 W FOURTH ST,YORKTOWN,TX,78164,4/20/16,Fine,5525
675081,GOLDEN ACRES LIVING AND REHABILITATION CENTER,2525 CENTERVILLE RD,DALLAS,TX,75228,4/8/16,Fine,45788
675106,MESA HILLS HEALTHCARE RESIDENCE,2301 N OREGON ST,EL PASO,TX,79902,1/29/16,Fine,18655
675109,THE VILLAGE AT RICHARDSON,1111 ROCKINGHAM LN,RICHARDSON,TX,75080,6/16/16,Fine,195
675181,CARRIAGE HOUSE MANOR,210 PIPELINE RD,SULPHUR SPRI,TX,75482,3/24/16,Fine,1235
675183,TWIN OAKS HEALTH AND REHABILITATION CENTER,1123 N BOLTON ST,JACKSONVILLE,TX,75766,4/7/16,Fine,73933
675191,FORT WORTH MANOR,4900 E BERRY,FORT WORTH,TX,76105,11/18/16,Fine,16348
675217,ELKHART OAKS CARE CENTER,214 JONES RD,ELKHART,TX,75839,5/19/16,Fine,4550
675229,WOODLAND MANOR NURSING AND REHABILITATION LP,99 RIGBY OWEN RD,CONROE,TX,77304,2/16/16,Fine,81023
675231,JACINTO CITY HEALTHCARE CENTER,1405 HOLLAND,HOUSTON,TX,77029,5/21/16,Fine,120738
675231,JACINTO CITY HEALTHCARE CENTER,1405 HOLLAND,HOUSTON,TX,77029,1/13/16,Fine,61035
675234,"CLUTE LTC PARTNERS, INC.",603 E PLANTATION RD,CLUTE,TX,77531,5/19/16,Fine,3705
675259,CISCO NURSING & REHABILITATION,1404 FRONT ST,CISCO,TX,76437,7/21/16,Fine,15471
675264,ATHENS HEALTHCARE AND REHABILITATION CENTER,305 S PALESTINE ST,ATHENS,TX,75751,6/29/16,Fine,1885
675264,ATHENS HEALTHCARE AND REHABILITATION CENTER,305 S PALESTINE ST,ATHENS,TX,75751,6/1/16,Fine,4800
675271,SEVEN OAKS NURSING AND REHABILITATION LP,901 SEVEN OAKS RD,BONHAM,TX,75418,1/22/16,Fine,55120
675289,PINECREST NURSING AND REHABILITATION CENTER,3505 OLD JACKSONVILLE RD,TYLER,TX,75701,10/16/16,Fine,1991
675317,DEERINGS NURSING AND REHABILITATION LP,1020 N COUNTY RD WEST,ODESSA,TX,79763,8/29/16,Fine,43161
675317,DEERINGS NURSING AND REHABILITATION LP,1020 N COUNTY RD WEST,ODESSA,TX,79763,2/23/16,Fine,2438
675346,HERITAGE OAKS NURSING AND REHABILITATION CENTER,5301 UNIVERSITY AVE,LUBBOCK,TX,79413,5/21/16,Fine,48815
675356,BASTROP NURSING CENTER,400 OLD AUSTIN HWY,BASTROP,TX,78602,11/10/16,Fine,16702
675361,WHARTON NURSING AND REHABILITATION CENTER,1220 SUNNY LANE,WHARTON,TX,77488,7/21/16,Fine,66027
675407,RALLS NURSING HOME,1111 AVENUE P,RALLS,TX,79357,1/14/16,Fine,33100
675423,ASHFORD GARDENS,7210 NORTHLINE DR,HOUSTON,TX,77076,6/30/16,Fine,27203
675438,LAKE SHORE VILLAGE HEALTHCARE CENTER,2320 LAKE SHORE DR,WACO,TX,76708,12/6/16,Fine,13244
675444,REUNION PLAZA SENIOR CARE AND REHABILITATION CENT,1401 HAMPTON RD,TEXARKANA,TX,75503,11/22/16,Fine,17573
675444,REUNION PLAZA SENIOR CARE AND REHABILITATION CENT,1401 HAMPTON RD,TEXARKANA,TX,75503,4/20/16,Fine,25264
675445,OAK MANOR NURSING CENTER,624 N CONVERSE ST,FLATONIA,TX,78941,3/1/16,Fine,1300
675454,WEST OAKS NURSING & REHAB CENTER,3625 GREEN CREST,HOUSTON,TX,77082,4/14/16,Fine,28488
675460,PARK HIGHLANDS NURSING & REHABILITATION CENTER,711 LUCAS ST,ATHENS,TX,75751,10/4/16,Fine,43299
675460,PARK HIGHLANDS NURSING & REHABILITATION CENTER,711 LUCAS ST,ATHENS,TX,75751,7/1/16,Fine,87783
675460,PARK HIGHLANDS NURSING & REHABILITATION CENTER,711 LUCAS ST,ATHENS,TX,75751,2/8/16,Fine,1800
675478,PRAIRIE HOUSE LIVING CENTER,1301 MESA DR,PLAINVIEW,TX,79072,3/24/16,Fine,163410
675494,KLEBERG COUNTY NURSING AND REHABILITATION LP,316 GENERAL CAVAZOS BLVD,KINGSVILLE,TX,78363,11/3/16,Fine,67217
675494,KLEBERG COUNTY NURSING AND REHABILITATION LP,316 GENERAL CAVAZOS BLVD,KINGSVILLE,TX,78363,1/14/16,Fine,2406
675496,SLATON CARE CENTER,630 S 19TH,SLATON,TX,79364,5/13/16,Fine,56650
675519,LARKSPUR,201 SOUTH JOHN REDDITT DRIVE,LUFKIN,TX,75904,5/17/16,Fine,47662
675534,WHEELER NURSING AND REHABILITATION LP,1000 S KIOWA ST,WHEELER,TX,79096,9/28/16,Fine,46910
675534,WHEELER NURSING AND REHABILITATION LP,1000 S KIOWA ST,WHEELER,TX,79096,5/11/16,Fine,4875
675538,SUGAR LAND HEALTH CARE CENTER,333 MATLAGE WAY,SUGAR LAND,TX,77478,2/25/16,Fine,2023
675550,PECAN TREE REHAB AND HEALTHCARE CENTER,1900 E CALIFORNIA ST,GAINESVILLE,TX,76240,2/17/16,Fine,1300
675553,HERITAGE HEALTHCARE RESIDENCE,1026 E GOODE ST,QUITMAN,TX,75783,6/9/16,Fine,36043
675560,LAKE VILLAGE NURSING AND REHABILITATION CENTER,169 LAKE PARK RD,LEWISVILLE,TX,75057,10/14/16,Fine,67838
675587,REGENCY MANOR HEALTHCARE CENTER,3011 W ADAMS AVE,TEMPLE,TX,76504,5/27/16,Fine,5200
675597,FREE STATE CRESTWOOD,1448 HOUSTON ST,WILLS POINT,TX,75169,6/24/16,Fine,23011
675602,UPSHUR MANOR NURSING HOME,623 HWY 155N,GILMER,TX,75644,2/11/16,Fine,2000
675603,ROSE HAVEN RETREAT,200 LIVE OAK ST,ATLANTA,TX,75551,4/18/16,Fine,2925
675625,VISTA CONTINUING CARE CENTER,4300 VISTA RD,PASADENA,TX,77504,8/31/16,Fine,13342
675646,SNYDER OAKS CARE CENTER,210 E 37TH ST,SNYDER,TX,79549,5/20/16,Fine,12000
675646,SNYDER OAKS CARE CENTER,210 E 37TH ST,SNYDER,TX,79549,2/10/16,Fine,14250
675648,CONROE HEALTH CARE CENTER,2019 N FRAZIER,CONROE,TX,77301,4/12/16,Fine,2025
675663,FORT BEND HEALTHCARE CENTER,3010 BAMORE RD,ROSENBERG,TX,77471,4/4/16,Fine,27850
675687,HOLIDAY HILL INC,245 STATE HWY #153 WEST,COLEMAN,TX,76834,7/20/16,Fine,1300
675696,COUNTRY VILLAGE CARE,721 W MULBERRY,ANGLETON,TX,77515,6/21/16,Fine,3804
675715,PECAN VALLEY HEALTHCARE RESIDENCE,1405 W STOREY ST,SAN SABA,TX,76877,4/5/16,Fine,23953
675722,FORT STOCKTON LIVING & REHABILITATION,501 N SYCAMORE,FORT STOCKTO,TX,79735,4/8/16,Fine,37600
675739,REGENT CARE CENTER OF THE WOODLANDS LIMITED PARTN,10450 GOSLING RD,THE WOODLAND,TX,77381,6/29/16,Fine,3900
675744,FRIENDSHIP HAVEN HEALTHCARE AND REHABILITATION CE,1500 SUNSET DR,FRIENDSWOOD,TX,77546,7/13/16,Fine,3000
675744,FRIENDSHIP HAVEN HEALTHCARE AND REHABILITATION CE,1500 SUNSET DR,FRIENDSWOOD,TX,77546,2/25/16,Fine,2536
675746,CORONADO NURSING CENTER,1751 N 15TH ST,ABILENE,TX,79603,4/25/16,Fine,116448
675764,SPRING BRANCH TRANSITIONAL CARE CENTER,1615 HILLENDAHL RD,HOUSTON,TX,77055,2/3/16,Fine,1268
675793,BROOKHOLLOW HEIGHTS TRANSITIONAL CARE CENTER,1737 N LOOP W,HOUSTON,TX,77008,1/8/16,Fine,5349
675809,WESTRIDGE NURSING AND REHABILITATION LP,1241 WESTRIDGE AVE,LANCASTER,TX,75146,7/28/16,Fine,56388
675809,WESTRIDGE NURSING AND REHABILITATION LP,1241 WESTRIDGE AVE,LANCASTER,TX,75146,4/29/16,Fine,975
675814,KILGORE HEALTH & REHABILITATION,2700 S HENDERSON BLVD,KILGORE,TX,75662,3/4/16,Fine,35165
675820,THE LENNWOOD NURSING AND REHABILITATION,8017 W VIRGINIA DR,DALLAS,TX,75237,1/17/16,Fine,9165
675831,REGENT CARE CENTER OF EL PASO,10880 EDGEMERE BLVD,EL PASO,TX,79935,7/29/16,Fine,6143
675835,CHEROKEE TRAILS NURSING HOME,330 E BAGLEY RD,RUSK,TX,75785,8/11/16,Fine,1874
675838,BIRCHWOOD NURSING AND REHABILITATION LP,110 W HWY 64,COOPER,TX,75432,9/23/16,Fine,43397
675838,BIRCHWOOD NURSING AND REHABILITATION LP,110 W HWY 64,COOPER,TX,75432,6/22/16,Fine,17550
675840,LEXINGTON PLACE NURSING & REHABILITATION,7146 BAKER BLVD,RICHLAND HIL,TX,76118,12/2/16,Fine,89565
675846,TRINITY NURSING AND REHABILITATION LP,902 E MAIN ST,SAN AUGUSTIN,TX,75972,6/2/16,Fine,31265
675866,STEPHENVILLE NURSING AND REHABILITATION,2311 WEST WASHINGTON,STEPHENVILLE,TX,76401,8/3/16,Fine,17323
675867,KERENS CARE CENTER,809 NE 4TH ST,KERENS,TX,75144,8/11/16,Fine,35428
675877,OAKWOOD NURSING AND REHABILITATION LP,301 W RANDOL MILL RD,ARLINGTON,TX,76011,6/21/16,Fine,41470
675894,PARK MANOR OF CONROE,1600 GRAND LAKE DR,CONROE,TX,77301,3/23/16,Fine,1918
675896,RIVER CITY CARE CENTER,921 NOLAN ST,SAN ANTONIO,TX,78202,2/24/16,Fine,6500
675902,PILOT POINT CARE CENTER,208 N PRAIRIE ST,PILOT POINT,TX,76258,4/16/16,Fine,101085
675910,HOGAN PARK NURSING & REHABILITATION,3203 SAGE ST,MIDLAND,TX,79705,4/7/16,Fine,14648
675922,PARKVIEW MANOR NURSING AND REHABILITATION,206 N SMITH ST,WEIMAR,TX,78962,3/31/16,Fine,6000
675929,CEDAR CREEK NURSING AND REHABILITATION CENTER,159 MONTAGUE AVE,BANDERA,TX,78003,11/4/16,Fine,15508
675930,ARBROOK PLAZA,401 W ARBROOK BLVD,ARLINGTON,TX,76014,2/11/16,Fine,6143
675936,PONDEROSA NURSING AND REHABILITATION,12520 FM 1840,DE KALB,TX,75559,1/13/16,Fine,3800
675940,HEMPHILL CARE CENTER,HWY 83 WEST,HEMPHILL,TX,75948,5/16/16,Fine,4875
675958,CHRISTIAN CARE CENTER,1008 CITIZENS TRAIL,TEXARKANA,TX,75501,5/18/16,Fine,1268
675961,REGENCY VILLAGE,409 W GREEN,WEBSTER,TX,77598,10/20/16,Fine,1991
675966,THE VILLA AT TEXARKANA,4920 ELIZABETH ST,TEXARKANA,TX,75503,5/20/16,Fine,33150
675966,THE VILLA AT TEXARKANA,4920 ELIZABETH ST,TEXARKANA,TX,75503,4/6/16,Fine,8223
675978,LITTLEFIELD NURSING AND REHABILITATION LP,1241 W MARSHALL HOWARD BLVD,LITTLEFIELD,TX,79339,6/17/16,Fine,13325
675980,HILL COUNTRY CARE,1505 W HWY 290,DRIPPING SPR,TX,78620,5/5/16,Fine,26325
675980,HILL COUNTRY CARE,1505 W HWY 290,DRIPPING SPR,TX,78620,3/18/16,Fine,18298
675981,MINEOLA HEALTHCARE RESIDENCE,716 MIMOSA STREET,MINEOLA,TX,75773,12/13/16,Fine,1991
676002,THE PLAZA AT EDGEMERE HEALTH CARE,8502 EDGEMERE,DALLAS,TX,75225,5/27/16,Fine,19240
676004,THE HILLS NURSING & REHABILITATION,201 E THOMPSON ST,DECATUR,TX,76234,11/29/16,Fine,1991
676013,BUCKNER VILLA SIESTA HOME,11110 TOM ADAMS DR,AUSTIN,TX,78753,1/8/16,Fine,1209
676017,RANGER CARE CENTER,460 W MAIN ST,RANGER,TX,76470,10/18/16,Fine,2673
676034,BRADY WEST REHAB & NURSING,2201 MENARD HWY,BRADY,TX,76825,6/9/16,Fine,16380
676034,BRADY WEST REHAB & NURSING,2201 MENARD HWY,BRADY,TX,76825,3/11/16,Fine,2925
676052,IMMANUEL'S HEALTHCARE,4515 VILLAGE CREEK RD,FORT WORTH,TX,76119,2/29/16,Fine,25935
676059,PARK MANOR OF WESTCHASE,11910 RICHMOND AVE,HOUSTON,TX,77082,11/8/16,Fine,4623
676067,MIRA VISTA COURT,7021 BRYANT IRVIN RD,FORT WORTH,TX,76132,2/7/16,Fine,18460
676069,EDGEWOOD MANOR,4925 ELIZABETH ST,TEXARKANA,TX,75503,7/27/16,Fine,15600
676069,EDGEWOOD MANOR,4925 ELIZABETH ST,TEXARKANA,TX,75503,3/31/16,Fine,1950
676108,VIDOR HEALTH & REHABILITATION CENTER,470 MOORE DR,VIDOR,TX,77662,2/17/16,Fine,5266
676109,CALDER WOODS,7080 CALDER,BEAUMONT,TX,77706,10/27/16,Fine,2121
676119,RIO GRANDE CITY NURSING AND REHABILITATION CENTER,2530 CENTRAL PALM DR,RIO GRANDE C,TX,78582,12/14/16,Fine,3973
676133,MAVERICK NURSING AND REHABILITATION CENTER,3106 BOB ROGERS DR,EAGLE PASS,TX,78852,7/1/16,Fine,2459
676137,LEGEND OAKS HEALTHCARE AND REHABILITATION CENTER,8902 WEST RD,HOUSTON,TX,77064,3/22/16,Fine,3446
676155,THE COURTYARDS AT PASADENA,4048 RED BLUFF ROAD,PASADENA,TX,77503,3/10/16,Fine,1170
676161,GREEN VALLEY HEALTHCARE AND REHABILITATION CENTER,6850 RUFE SNOW DR,FORT WORTH,TX,76148,9/28/16,Fine,43692
676161,GREEN VALLEY HEALTHCARE AND REHABILITATION CENTER,6850 RUFE SNOW DR,FORT WORTH,TX,76148,7/29/16,Fine,26195
676170,ST DOMINIC VILLAGE NURSING HOME,2409 E HOLCOMBE BLVD,HOUSTON,TX,77021,2/26/16,Fine,25545
676176,SENIOR CARE OF CROWLEY,920 E FM 1187,CROWLEY,TX,76036,7/14/16,Fine,10140
676183,HUNTINGTON HEALTH CARE & REHABILITATION CENTER,220 E ASH STREET,HUNTINGTON,TX,75949,5/19/16,Fine,10846
676187,HERITAGE HOUSE OF MARSHALL HEALTH & REHABILITATIO,5915 ELYSIAN FIELDS ROAD,MARSHALL,TX,75672,7/6/16,Fine,4750
676187,HERITAGE HOUSE OF MARSHALL HEALTH & REHABILITATIO,5915 ELYSIAN FIELDS ROAD,MARSHALL,TX,75672,1/21/16,Fine,4200
676191,SUNDANCE INN HEALTH CENTER,2034 SUNDANCE PKWY,NEW BRAUNFEL,TX,78130,5/27/16,Fine,24993
676194,LEGEND OAKS HEALTH AND REHABILITATION - KATY,21727 PROVINCIAL BLVD,KATY,TX,77450,8/25/16,Fine,47554
676195,THE GRACE CARE CENTER OF KATY,23553 WEST FERNHURST DRIVE,KATY,TX,77494,5/19/16,Fine,7000
676207,THE COLONNADES AT REFLECTION BAY,12001 SHADOW CREEK PARKWAY,PEARLAND,TX,77584,3/15/16,Fine,5395
676208,GRACE CARE CENTER OF CYPRESS,9602 HUFFMEISTER RD,HOUSTON,TX,77095,10/7/16,Fine,4818
676208,GRACE CARE CENTER OF CYPRESS,9602 HUFFMEISTER RD,HOUSTON,TX,77095,6/15/16,Fine,1974
676215,THE REHABILITATION & WELLNESS CENTRE OF DALLAS LL,4200 LIVE OAK ST,DALLAS,TX,75204,9/13/16,Fine,100653
676229,TRUCARE LIVING CENTERS-COLUMBUS,1511 MONTEZUMA STREET,COLUMBUS,TX,78934,9/29/16,Fine,2316
676234,THE VILLAGE AT GLEANNLOCH FARMS,9505 NORTH POINTE BLVD,SPRING,TX,77379,1/6/16,Fine,1268
676235,ROCK CREEK HEALTH AND REHABILITATION LLC,1414 COLLEGE STREET,SULPHUR SPRI,TX,75482,7/7/16,Fine,38610
676236,BROOKDALE PLACE WILLOWBROOK,13500 BRETON RIDGE,HOUSTON,TX,77070,4/27/16,Fine,1105
676239,VILLA TOSCANA AT CYPRESS WOODS,15015 CYPRESS WOODS MEDICAL DR,HOUSTON,TX,77014,1/21/16,Fine,1950
676246,RIVERSIDE NURSING & REHAB CENTER,6801 E RIVERSIDE DR,AUSTIN,TX,78741,5/26/16,Fine,1210
676251,LEGEND OAKS HEALTHCARE AND REHABILITATION - NORTH,12921 MISTY WILLOW,HOUSTON,TX,77070,8/24/16,Fine,3263
676251,LEGEND OAKS HEALTHCARE AND REHABILITATION - NORTH,12921 MISTY WILLOW,HOUSTON,TX,77070,8/24/16,Fine,207269
676252,GRACE CARE CENTER AT VETERANS MEMORIAL,1424 FALLBROOK DRIVE,HOUSTON,TX,77038,8/11/16,Fine,12045
676255,FORT WORTH CENTER OF REHABILITATION,850 12TH AVENUE,FORT WORTH,TX,76104,3/31/16,Fine,38220
676262,THE HEIGHTS OF TYLER,2650 ELKTON TRAIL,TYLER,TX,75703,8/10/16,Fine,943
676270,BRENTWOOD PLACE FOUR,3505 S BUCKNER BLVD BLDG 5,DALLAS,TX,75227,12/15/16,Fine,16299
676273,PARK MANOR OF THE WOODLANDS,1014 WINDSOR LAKE BOULEVARD,THE WOODLAND,TX,77384,5/17/16,Fine,12318
676280,ESTRELLA OAKS REHABILITATION AND CARE CENTER,4011 WILLIAMS DR,GEORGETOWN,TX,78628,3/23/16,Fine,103350
676281,SCC AT WESTOVER HILLS REHABILITATION AND HEALTHCA,9922 STATE HWY. 151,SAN ANTONIO,TX,78251,8/3/16,Fine,67340
676283,TRISUN CARE CENTER- NORTHEAST EL PASO,11169 SEAN HAGGERTY,EL PASO,TX,79934,3/18/16,Fine,1235
676288,LAS PALMAS,369 MARS DR,COTULLA,TX,78014,8/9/16,Fine,105625
676299,SOUTHPARK MEADOWS NURSING AND REHABILITATION CENT,9801 S 1ST STREET,AUSTIN,TX,78748,2/5/16,Fine,1235
676314,LA HACIENDA NURSING & REHAB CENTER,3730 W. OREM DRIVE,HOUSTON,TX,77045,7/12/16,Fine,1170
676314,LA HACIENDA NURSING & REHAB CENTER,3730 W. OREM DRIVE,HOUSTON,TX,77045,1/20/16,Fine,35295
676316,HIGH HOPE CARE CENTER OF BRENHAM,401 EAST BLUE BELL ROAD,BRENHAM,TX,77833,4/26/16,Fine,3036
676333,SCC AT CLEAR BROOK CROSSING REHABILITATION AND HE,10800 FLORA MAE MEADOWS RD,HOUSTON,TX,77089,2/23/16,Fine,109749
676342,ST. TERESA NURSING AND REHABILITATION CENTER,10350 MONTANA AVENUE,EL PASO,TX,79925,1/15/16,Fine,25706
676344,"MOUNT MORIAH HEALTH AND REHABILITATION, LLC",355 FM 83 W,HEMPHILL,TX,75948,3/29/16,Fine,4500
676347,AMARILLO CENTER FOR SKILLED CARE,6641 W AMARILLO BLVD,AMARILLO,TX,79106,8/25/16,Fine,3031
676354,ACCEL AT HERMANN PARK,5600 CHENEVERT STREET,HOUSTON,TX,77004,5/18/16,Fine,5525
676357,THE BROADMOOR AT CREEKSIDE PARK,5665 CREEKSIDE FOREST DRIVE,THE WOODLAND,TX,77389,9/8/16,Fine,2673
676358,THE VILLAGES ON MACARTHUR,3443 N MACARTHUR BLVD,IRVING,TX,75062,5/6/16,Fine,2600
676361,"EAGLE LAKE NURSING AND REHABILITATION, LP",535 S AUSTIN ROAD,EAGLE LAKE,TX,77434,4/14/16,Fine,1105
676367,BELTERRA HEALTH & REHAB,2170 NORTH LAKE FOREST DRIVE,MCKINNEY,TX,75071,12/14/16,Fine,6754
676370,HARMONEE HOUSE,1400 MAIN ST,AMHERST,TX,79312,6/9/16,Fine,9583
676375,ST GILES NURSING AND REHABILITATION CENTER,950 CAMINO DEL REY DRIVE,EL PASO,TX,79927,5/26/16,Fine,1268
676379,PATHWAYS MEMORY CARE AT VILLA TOSCANA,2930 CYPRESS GROVE MEADOWS,HOUSTON,TX,77014,2/18/16,Fine,1120
676380,BIG SPRINGS CENTER FOR SKILLED CARE,3701 WASSON RD,BIG SPRING,TX,79720,12/19/16,Fine,1991
676381,WEST HOUSTON REHABILITATION AND HEALTHCARE CENTER,13428 BISSONNET,HOUSTON,TX,77083,8/23/16,Fine,175453
676382,FALCON RIDGE REHABILITATION,149 KLATTENHOFF LANE,HUTTO,TX,78634,8/31/16,Fine,38411
676383,NEW BOSTON HEALTHCARE CENTER,210 RICE ST,NEW BOSTON,TX,75570,6/29/16,Fine,20569
676383,NEW BOSTON HEALTHCARE CENTER,210 RICE ST,NEW BOSTON,TX,75570,5/18/16,Fine,11408
676383,NEW BOSTON HEALTHCARE CENTER,210 RICE ST,NEW BOSTON,TX,75570,3/1/16,Fine,1450
676384,THE MEDICAL RESORT AT SUGAR LAND,1803 WESCOTT AVENUE,SUGAR LAND,TX,77479,6/27/16,Fine,2163
676393,LAS VENTANAS DE SOCORRO,10064 ALAMEDA AVENUE,SOCORRO,TX,79927,9/26/16,Fine,10311
455744,MULBERRY MANOR,1670 LINGLEVILLE RD,STEPHENVILLE,TX,76401,1/3/17,Fine,10546
675606,HARLINGEN NURSING AND REHABILITATION CENTER,3810 HALE ST,HARLINGEN,TX,78550,1/5/17,Fine,5273
676383,INSPIRE NEW BOSTON,210 RICE ST,NEW BOSTON,TX,75570,1/5/17,Fine,23573
455606,PARK VIEW CARE CENTER,3301 VIEW ST,FORT WORTH,TX,76103,1/8/17,Fine,66779
455621,VALLEY GRANDE MANOR,1212 S BRIDGE,WESLACO,TX,78596,1/10/17,Fine,6401
675874,LAMUN-LUSK-SANCHEZ TEXAS STATE VETERANS HOME,1809 N HWY 87,BIG SPRING,TX,79720,1/10/17,Fine,100000
455678,SUMMER MEADOWS,301 HOLLYBROOK DR,LONGVIEW,TX,75605,1/11/17,Fine,1991
675017,CROSS COUNTRY HEALTHCARE CENTER,1514 INDIAN CREEK RD,BROWNWOOD,TX,76801,1/11/17,Fine,48040
675217,ELKHART OAKS CARE CENTER,214 JONES RD,ELKHART,TX,75839,1/11/17,Fine,28802
675891,SENIOR CARE HEALTH AND REHABILITATION CENTER - BR,2108 15TH STREET,BRIDGEPORT,TX,76426,1/11/17,Fine,3072
676251,LEGEND OAKS HEALTHCARE AND REHABILITATION - NORTH,12921 MISTY WILLOW DR,HOUSTON,TX,77070,1/12/17,Fine,3291
676251,LEGEND OAKS HEALTHCARE AND REHABILITATION - NORTH,12921 MISTY WILLOW DR,HOUSTON,TX,77070,1/12/17,Fine,198354
676368,TREVISO TRANSITIONAL CARE,1154 EAST HAWKINS PARKWAY,LONGVIEW,TX,75605,1/13/17,Fine,32261
675233,MISSION CARE CENTERS-ALL SEASONS,6150 S LOOP EAST,HOUSTON,TX,77087,1/14/17,Fine,21347
675112,HERITAGE OAKS,1112 GIBBINS RD,ARLINGTON,TX,76011,1/17/17,Fine,72508
675910,HOGAN PARK NURSING & REHABILITATION,3203 SAGE ST,MIDLAND,TX,79705,1/17/17,Fine,142078
675556,CYPRESS WOODS CARE CENTER,135 1/2 HOSPITAL DR,ANGLETON,TX,77515,1/18/17,Fine,2121
455819,ARLINGTON HEIGHTS HEALTH AND REHABILITATION CENTE,4825 WELLESLEY ST,FORT WORTH,TX,76107,1/20/17,Fine,12846
675701,LAWRENCE STREET HEALTH CARE CENTER,615 LAWRENCE ST,TOMBALL,TX,77375,1/25/17,Fine,3973
675998,"CARTMELL HOME FOR AGED, INC.",2212 W REAGAN ST,PALESTINE,TX,75801,1/26/17,Fine,9873
676123,FAIRFIELD NURSING & REHABILITATION CENTER,420 MOODY ST,FAIRFIELD,TX,75840,1/26/17,Fine,4428
675939,VINTAGE HEALTH CARE CENTER,205 N BONNIE BRAE,DENTON,TX,76201,1/27/17,Fine,13374
676211,WESLEY WOODS HEALTH & REHABILITATION,1700 WOODGATE DRIVE,WACO,TX,76712,1/27/17,Fine,2381
455712,GOLDEN AGE HEALTHCARE RESIDENCE,704 DOBKINS,DUBLIN,TX,76446,2/1/17,Fine,17984
455810,BROOKDALE BROADWAY CITYVIEW,5301 BRYANT IRVIN RD,FORT WORTH,TX,76132,2/1/17,Fine,24194
675065,CENTERVILLE HEALTHCARE CENTER,103 TEAKWOOD ST,CENTERVILLE,TX,75833,2/1/17,Fine,50200
675367,GREENVILLE GARDENS,3500 PARK ST,GREENVILLE,TX,75401,2/1/17,Fine,12349
676197,RIDGEVIEW REHABILITATION AND SKILLED NURSING,206 WALLS DR,CLEBURNE,TX,76033,2/1/17,Fine,371287
675769,STAMFORD RESIDENCE AND REHABILITATION CENTER,1003 COLUMBIA,STAMFORD,TX,79553,2/2/17,Fine,162966
676031,SENIOR CARE OF MEADOW CREEK,4343 OAK GROVE BLVD,SAN ANGELO,TX,76904,2/3/17,Fine,16107
675896,RIVER CITY CARE CENTER,921 NOLAN ST,SAN ANTONIO,TX,78202,2/7/17,Fine,44688
676342,ST. TERESA NURSING AND REHABILITATION CENTER,10350 MONTANA AVENUE,EL PASO,TX,79925,2/9/17,Fine,4516
675132,BREMOND NURSING AND REHABILITATION CENTER,211 N MAIN,BREMOND,TX,76629,2/10/17,Fine,28469
675666,BRIARCLIFF HEALTH CENTER OF GREENVILLE INC,4400 WALNUT ST,GREENVILLE,TX,75401,2/10/17,Fine,29717
676207,THE COLONNADES AT REFLECTION BAY,12001 SHADOW CREEK PARKWAY,PEARLAND,TX,77584,2/10/17,Fine,4363
675877,OAKWOOD NURSING AND REHABILITATION LP,301 W RANDOL MILL RD,ARLINGTON,TX,76011,2/11/17,Fine,21276
455563,DENISON NURSING AND REHABILITATION LP,601 E HWY 69,DENISON,TX,75021,2/13/17,Fine,4372
675900,AVALON PLACE TRINITY,808 S ROBB,TRINITY,TX,75862,2/15/17,Fine,50577
675925,THE MILDRED & SHIRLEY L GARRISON GERIATRIC EDUCAT,3710 4TH ST,LUBBOCK,TX,79415,2/16/17,Fine,2013
675925,THE MILDRED & SHIRLEY L GARRISON GERIATRIC EDUCAT,3710 4TH ST,LUBBOCK,TX,79415,2/16/17,Fine,15288
676025,AUTUMN LEAVES NURSING AND REHAB INC,321 KILGORE DRIVE,HENDERSON,TX,75652,2/16/17,Fine,2540
676387,HIGHLAND MEADOWS HEALTH & REHAB,1870 S JOHN KING BLVD,ROCKWALL,TX,75032,2/17/17,Fine,1493
676097,GOLDEN CREEK HEALTHCARE AND REHABILITATION CENTER,2100 DOVER CROSSING LANE,NAVASOTA,TX,77868,2/18/17,Fine,30126
455745,TIMBERWOOD NURSING AND REHABILITATION CENTER,4001 HWY 59 NORTH,LIVINGSTON,TX,77351,2/21/17,Fine,2146
455579,SULPHUR SPRINGS HEALTH AND REHABILITATION,411 AIRPORT RD,SULPHUR SPRI,TX,75482,2/22/17,Fine,8784
455916,UNIVERSITY PARK NURSING AND REHABILITATION LP,4511 CORONADO AVE,WICHITA FALL,TX,76310,2/22/17,Fine,3316
675594,TERRACE WEST NURSING AND REHABILITATION LP,2800 MIDLAND DR,MIDLAND,TX,79707,2/22/17,Fine,122148
676356,THE HEIGHTS OF NORTH HOUSTON,303 HOLLOW TREE LANE,HOUSTON,TX,77090,2/23/17,Fine,2533
676375,ST GILES NURSING AND REHABILITATION CENTER,950 CAMINO DEL REY DRIVE,EL PASO,TX,79927,2/24/17,Fine,2862
675513,DECATUR NURSING AND REHABILITATION LP,605 W MULBERRY,DECATUR,TX,76234,3/2/17,Fine,55646
675714,TOMBALL REHAB & NURSING,815 N PEACH ST,TOMBALL,TX,77375,3/2/17,Fine,42210
455700,WILLOWBROOK NURSING CENTER,227 RUSSELL BLVD,NACOGDOCHES,TX,75965,3/3/17,Fine,64838
455471,MOUNTAIN VIEW HEALTH & REHABILITATION,1600 MURCHISON RD,EL PASO,TX,79902,3/9/17,Fine,12471
676363,REMARKABLE HEALTHCARE OF PRESTONWOOD,4501 PLANO PARKWAY,CARROLLTON,TX,75010,3/9/17,Fine,25155
455855,KENNEDY HEALTH & REHAB,504 N JOHN REDDITT DR,LUFKIN,TX,75904,3/10/17,Fine,53057
455429,COLONIAL TYLER CARE CENTER,930 S BAXTER,TYLER,TX,75701,3/12/17,Fine,10784
675478,PRAIRIE HOUSE LIVING CENTER,1301 MESA DR,PLAINVIEW,TX,79072,3/15/17,Fine,5695
675996,COLUMBUS OAKS HEALTHCARE COMMUNITY,300 NORTH ST,COLUMBUS,TX,78934,3/15/17,Fine,2748
675996,COLUMBUS OAKS HEALTHCARE COMMUNITY,300 NORTH ST,COLUMBUS,TX,78934,3/15/17,Fine,13430
676376,SILVER SPRING,1690 N. TREADWAY BLVD.,ABILENE,TX,79601,3/15/17,Fine,103574
675365,PASADENA CARE CENTER,4006 VISTA RD,PASADENA,TX,77504,3/17/17,Fine,2456
675985,ROCKWOOD MANOR,2000 N MAIN,MIDLAND,TX,79705,3/20/17,Fine,33784
676233,BANDERA NURSING & REHAB CENTER,222 FM 1077,BANDERA,TX,78003,3/20/17,Fine,3222
675537,BROWNWOOD NURSING AND REHABILITATION LP,101 MILLER DR,BROWNWOOD,TX,76801,3/22/17,Fine,91021
675049,CORONADO HEALTHCARE CENTER,1504 W KENTUCKY AVE,PAMPA,TX,79065,3/23/17,Fine,9120
675017,CROSS COUNTRY HEALTHCARE CENTER,1514 INDIAN CREEK RD,BROWNWOOD,TX,76801,3/29/17,Fine,116610
455866,BROOKDALE WESTLAKE HILLS,1034 LIBERTY PARK DR,AUSTIN,TX,78746,3/31/17,Fine,1363
675191,FORT WORTH MANOR,4900 E BERRY,FORT WORTH,TX,76105,4/3/17,Fine,2735
676024,HALE CENTER HEALTH AND REHABILITATION,202 W 3RD ST,HALE CENTER,TX,79041,4/3/17,Fine,2986
676006,RICHMOND HEALTH CARE CENTER,705 JACKSON ST,RICHMOND,TX,77469,4/6/17,Fine,4058
676189,THE LEGACY AT WILLOW BEND,6101 OHIO STE 500,PLANO,TX,75024,4/7/17,Fine,4812
676211,WESLEY WOODS HEALTH & REHABILITATION,1700 WOODGATE DRIVE,WACO,TX,76712,4/11/17,Fine,6840
675612,THE WESTBURY PLACE,5201 S WILLOW DR,HOUSTON,TX,77035,4/12/17,Fine,145162
675494,KLEBERG COUNTY NURSING AND REHABILITATION LP,316 GENERAL CAVAZOS BLVD,KINGSVILLE,TX,78363,4/13/17,Fine,51285
675722,FORT STOCKTON LIVING & REHABILITATION,501 N SYCAMORE,FORT STOCKTO,TX,79735,4/14/17,Fine,61225
676383,INSPIRE NEW BOSTON,210 RICE ST,NEW BOSTON,TX,75570,4/17/17,Fine,1127
676383,INSPIRE NEW BOSTON,210 RICE ST,NEW BOSTON,TX,75570,4/17/17,Fine,175300
455942,LUBBOCK HEALTH CARE CENTER,4120 22ND PL,LUBBOCK,TX,79410,4/18/17,Fine,5695
455974,OAK CREST NURSING CENTER,1902 FM 3036,ROCKPORT,TX,78382,4/18/17,Fine,134094
675774,LEGEND HEALTHCARE AND REHABILITATION - GREENVILLE,2300 JACK FINNEY BLVD,GREENVILLE,TX,75402,4/19/17,Fine,6636
675374,IRVING NURSING AND REHABILITATION LP,619 N BRITAIN RD,IRVING,TX,75061,4/20/17,Fine,11520
675408,OVERTON HEALTHCARE CENTER,1110 HWY 135 S,OVERTON,TX,75684,4/20/17,Fine,12178
675117,RUNNINGWATER DRAW CARE CENTER INC,800  W  13TH  ST,OLTON,TX,79064,4/24/17,Fine,16139
455592,WEST SIDE CAMPUS OF CARE,1950 S LAS VEGAS TRAIL,WHITE SETTLE,TX,76108,4/26/17,Fine,184740
455835,INTERLOCHEN HEALTH AND REHABILITATION CENTER,2645 W RANDOL MILL RD,ARLINGTON,TX,76012,5/3/17,Fine,23529
675267,GREENBRIER NURSING AND REHABILITATION CENTER OF T,3526 W ERWIN ST,TYLER,TX,75702,5/5/17,Fine,86283
676314,LA HACIENDA NURSING & REHAB CENTER,3730 W. OREM DRIVE,HOUSTON,TX,77045,5/5/17,Fine,5470
675808,WINDSOR CARE CENTER,250 W BRITISH FLYING SCHOOL BLVD,TERRELL,TX,75160,5/10/17,Fine,13626
676307,OAK VILLAGE HEALTHCARE,204 OAK DRIVE SOUTH,LAKE JACKSON,TX,77566,5/10/17,Fine,11378
455819,ARLINGTON HEIGHTS HEALTH AND REHABILITATION CENTE,4825 WELLESLEY ST,FORT WORTH,TX,76107,5/11/17,Fine,143475
675434,SILVER PINES NURSING AND REHABILITATION LP,503 OLD AUSTIN HIGHWAY,BASTROP,TX,78602,5/12/17,Fine,10228
455869,GUADALUPE VALLEY NURSING CENTER,1210 EASTWOOD DR,SEGUIN,TX,78155,5/15/17,Fine,33173
455613,COURTYARD NURSING AND REHABILITATION,7499 STANWICK DR,HOUSTON,TX,77087,5/16/17,Fine,7408
455725,OAKMONT HEALTHCARE AND REHABILITATION CENTER OF H,8450 WILL CLAYTON PKWY,HUMBLE,TX,77338,5/16/17,Fine,86606
675806,THE LAURENWOOD NURSING AND REHABILITATION,330 W CAMP WISDOM RD,DUNCANVILLE,TX,75116,5/16/17,Fine,3641
675810,LANCASTER NURSING & REHABILITATION CENTER,1515 N ELM ST,LANCASTER,TX,75134,5/16/17,Fine,2280
455532,PLEASANT SPRINGS HEALTHCARE CENTER,2003 N EDWARDS ST,MOUNT PLEASA,TX,75455,5/17/17,Fine,2406
676112,CRESTVIEW COURT,224 W PLEASANT RUN RD,CEDAR HILL,TX,75104,5/18/17,Fine,4212
676273,PARK MANOR OF THE WOODLANDS,1014 WINDSOR LAKE BOULEVARD,THE WOODLAND,TX,77384,5/18/17,Fine,12876
675019,APEX SECURE CARE BROWNFIELD,1101 E LAKE ST,BROWNFIELD,TX,79316,5/25/17,Fine,41313
675494,KLEBERG COUNTY NURSING AND REHABILITATION LP,316 GENERAL CAVAZOS BLVD,KINGSVILLE,TX,78363,5/26/17,Fine,72488
676416,BRIGHTPOINTE AT LYTLE LAKE,1201 CLARKS DR,ABILENE,TX,79602,5/26/17,Fine,70865
455987,CANTON HEALTHCARE CENTER,1661 S BUFFALO,CANTON,TX,75103,5/27/17,Fine,74141
676402,WINDEMERE AT WESTOVER HILLS,11106 CHRISTUS HILLS,SAN ANTONIO,TX,78251,5/30/17,Fine,34618
676344,SHADY SHORES OF HEMPHILL,355 FM 83 W,HEMPHILL,TX,75948,5/31/17,Fine,4980
455471,MOUNTAIN VIEW HEALTH & REHABILITATION,1600 MURCHISON RD,EL PASO,TX,79902,6/1/17,Fine,2093
675380,WINDSOR NURSING AND REHABILITATION CENTER OF SEGU,1219 EASTWOOD DR,SEGUIN,TX,78155,6/5/17,Fine,3999
455550,HOLIDAY NURSING CENTER,280 MOFFITT DR,CENTER,TX,75935,6/13/17,Fine,27723
675597,FREE STATE CRESTWOOD,1448 HOUSTON ST,WILLS POINT,TX,75169,6/13/17,Fine,33852
676097,GOLDEN CREEK HEALTHCARE AND REHABILITATION CENTER,2100 DOVER CROSSING LANE,NAVASOTA,TX,77868,6/13/17,Fine,12578
675795,THE CHANDLER ESTATE IN LAUREL HEIGHTS,1502 HOWARD ST,SAN ANTONIO,TX,78212,6/14/17,Fine,27310
675084,TRINITY NURSING AND REHABILITATION OF GRANBURY LP,600 REUNION COURT,GRANBURY,TX,76048,6/16/17,Fine,101317
676113,LEGEND OAKS HEALTHCARE AND REHABILITATION CENTER,2003 W HUTCHINS PLACE,SAN ANTONIO,TX,78224,6/16/17,Fine,8125
455800,WESTCHASE HEALTH AND REHABILITATION CENTER,8820 TOWN PARK DR,HOUSTON,TX,77036,6/20/17,Fine,13627
675810,LANCASTER NURSING & REHABILITATION CENTER,1515 N ELM ST,LANCASTER,TX,75134,6/21/17,Fine,7027
675268,LAREDO MEDICAL CENTER,1700 E SAUNDERS ST,LAREDO,TX,78044,6/22/17,Fine,73656
675498,HILLSIDE HEIGHTS REHABILITATION SUITES,6650 SOUTH SONCY ROAD,AMARILLO,TX,79119,6/22/17,Fine,13627
675995,SENIOR CARE HEALTH & REHABILITATION CENTER-DENTON,2244 BRINKER RD,DENTON,TX,76208,6/22/17,Fine,130480
675066,HONEY GROVE NURSING CENTER,1303 E MAIN ST,HONEY GROVE,TX,75446,6/23/17,Fine,3283
675417,SENIOR CARE HEALTH AND REHABILITATION CENTER - DA,2815 MARTIN LUTHER KING JR BLVD,DALLAS,TX,75215,6/23/17,Fine,5622
676092,BONNER STREET PLAZA HEALTHCARE & REHABILITATION,421 S BONNER,JACKSONVILLE,TX,75766,6/27/17,Fine,8326
675561,HERITAGE PLAZA NURSING CENTER,600 W 52ND ST,TEXARKANA,TX,75501,6/28/17,Fine,13627
675441,RENAISSANCE CARE CENTER,1400 BLACKSHILL DR,GAINESVILLE,TX,76240,6/29/17,Fine,4649
675503,BEACON HILL,3515 S PARK AVE,DENISON,TX,75020,6/29/17,Fine,7803
675777,PARKWAY PLACE,1321 PARK BAYOU DR,HOUSTON,TX,77077,6/29/17,Fine,7150
676100,SENIOR CARE OF SAN ANGELO,5455 KNICKERBOCKER RD,SAN ANGELO,TX,76904,6/29/17,Fine,6500
455570,MINERAL WELLS NURSING & REHABILITATION,316 SW 25TH AVE,MINERAL WELL,TX,76067,7/5/17,Fine,6500
676201,TUSCANY VILLAGE,2750 MILLER RANCH RD,PEARLAND,TX,77584,7/5/17,Fine,6633
675960,CASTLE PINES HEALTH AND REHABILITATION,2414 W FRANK AVE,LUFKIN,TX,75904,7/7/17,Fine,53187
455691,SHANNON MEDICAL CENTER,2018 PULLIAM,SAN ANGELO,TX,76903,7/11/17,Fine,5000
675111,HERITAGE GARDENS REHABILITATION AND HEALTHCARE,2135 N DENTON DR,CARROLLTON,TX,75006,7/12/17,Fine,9887
676246,RIVERSIDE NURSING & REHAB CENTER,6801 E RIVERSIDE DR,AUSTIN,TX,78741,7/13/17,Fine,11773
675537,BROWNWOOD NURSING AND REHABILITATION LP,101 MILLER DR,BROWNWOOD,TX,76801,7/14/17,Fine,13627
676051,BRIARCLIFF SKILLED NURSING FACILITY,4054 NORTHWEST LOOP,CARTHAGE,TX,75633,7/18/17,Fine,7803
676208,GRACE CARE CENTER OF CYPRESS,9602 HUFFMEISTER RD,HOUSTON,TX,77095,7/18/17,Fine,26000
675820,THE LENNWOOD NURSING AND REHABILITATION,8017 W VIRGINIA DR,DALLAS,TX,75237,7/20/17,Fine,30076
675541,SENIOR REHABILITATION & SKILLED NURSING CENTER,8825 LAMPLIGHTER LN,PORT ARTHUR,TX,77642,7/21/17,Fine,13000
675748,HERITAGE TRAILS NURSING AND REHABILITATION CENTER,301 LINCOLN PARK DR,CLEBURNE,TX,76033,7/21/17,Fine,13626
675894,PARK MANOR OF CONROE,1600 GRAND LAKE DR,CONROE,TX,77301,7/27/17,Fine,7677
675905,WOODRIDGE NURSING & REHABILITATION,1500 AUTUMN DR,GRAPEVINE,TX,76051,7/27/17,Fine,21774
676029,LEGEND OAKS HEALTH AND REHABILITATION - EULESS,900 WESTPARK WAY,EULESS,TX,76040,7/27/17,Fine,104270
455929,GRANBURY REHAB & NURSING,2124 PALUXY HWY,GRANBURY,TX,76048,7/28/17,Fine,9753
675603,ROSE HAVEN RETREAT,200 LIVE OAK ST,ATLANTA,TX,75551,7/28/17,Fine,30155
675568,OASIS NURSING & REHABILITATION CENTER,9001 N LOOP,EL PASO,TX,79907,7/31/17,Fine,13325
675317,DEERINGS NURSING AND REHABILITATION LP,1020 N COUNTY RD WEST,ODESSA,TX,79763,8/1/17,Fine,2673
455682,AFTON OAKS NURSING CENTER,7514 KINGSLEY ST,HOUSTON,TX,77087,8/3/17,Fine,55640
676238,LEGEND OAKS HEALTHCARE AND REHABILITATION - NORTH,11020 DESSAU RD,AUSTIN,TX,78754,8/3/17,Fine,135616
675615,MERIDIAN CARE AT GRAYSON SQUARE,815  E  GRAYSON  ST,SAN ANTONIO,TX,78208,8/7/17,Fine,75152
675831,REGENT CARE CENTER OF EL PASO,10880 EDGEMERE BLVD,EL PASO,TX,79935,8/14/17,Fine,42339
455762,HEARTLAND OF SAN ANTONIO,ONE HEARTLAND DR,SAN ANTONIO,TX,78247,8/17/17,Fine,25833
455840,THE ARBORS HEALTHCARE AND REHABILITATION CENTER,1884 LOOP 343 WEST,RUSK,TX,75785,8/17/17,Fine,123404
675910,HOGAN PARK NURSING & REHABILITATION,3203 SAGE ST,MIDLAND,TX,79705,8/18/17,Fine,60749
675645,MESA SPRINGS HEALTHCARE CENTER,7171 BUFFALO GAP RD,ABILENE,TX,79606,8/21/17,Fine,57171
455493,VISTA HILLS HEALTH CARE CENTER,1599 LOMALAND DR,EL PASO,TX,79935,8/22/17,Fine,13000
675264,ATHENS HEALTHCARE AND REHABILITATION CENTER,305 S PALESTINE ST,ATHENS,TX,75751,8/22/17,Fine,25635
675810,LANCASTER NURSING & REHABILITATION CENTER,1515 N ELM ST,LANCASTER,TX,75134,8/23/17,Fine,13627
675986,PARK MANOR OF CYPRESS STATION,420 LANTERN BEND DR,HOUSTON,TX,77090,8/23/17,Fine,7053
676008,SILSBEE OAKS HEALTH CARE LLP,920 E AVE L,SILSBEE,TX,77656,8/23/17,Fine,7023
676393,LAS VENTANAS DE SOCORRO,10064 ALAMEDA AVENUE,SOCORRO,TX,79927,8/23/17,Fine,11375
455831,PARIS HEALTHCARE CENTER,610 DESHONG DR,PARIS,TX,75460,8/24/17,Fine,37791
676169,PREMONT REHAB AND NURSING CENTER,431 N W 3RD ST,PREMONT,TX,78375,8/24/17,Fine,6500
455575,RETAMA MANOR NURSING CENTER,2322 MORGAN AVE,CORPUS CHRIS,TX,78405,9/6/17,Fine,78647
455573,TEXOMA HEALTHCARE CENTER,1000 HWY 82 E,SHERMAN,TX,75090,9/13/17,Fine,13627
455713,SUNRISE NURSING & REHAB CENTER,50 BRIGGS ST,SAN ANTONIO,TX,78224,9/18/17,Fine,8648
675273,VALLEY MILLS NURSING AND REHABILITATION LP,101 W. AVENUE E,VALLEY MILLS,TX,76689,9/21/17,Fine,7150
676221,HERITAGE PARK OF KATY NURSING AND REHABILITATION,6001 GEORGE BUSH DR,KATY,TX,77493,9/21/17,Fine,6763
675065,CENTERVILLE HEALTHCARE CENTER,103 TEAKWOOD ST,CENTERVILLE,TX,75833,9/22/17,Fine,5200
675927,CRANE NURSING & REHABILITATION CENTER,699 CAMPUS DR,CRANE,TX,79731,9/22/17,Fine,100488
676094,THE MEADOWS OF ORANGE,4201 FM 105,ORANGE,TX,77630,9/25/17,Fine,7023
455703,OAKMONT HEALTHCARE AND REHABILITATION CENTER OF K,1525 TULL DR,KATY,TX,77449,9/26/17,Fine,13305
675391,PINE ARBOR,705 HWY 418 W,SILSBEE,TX,77656,9/26/17,Fine,54405
676128,THE MADISON ON MARSH,2245 MARSH LN,CARROLLTON,TX,75006,9/28/17,Fine,6893
455528,RETAMA MANOR NURSING CENTER/LAREDO-WEST,1200 LANE,LAREDO,TX,78043,9/29/17,Fine,11053
675196,NORTH PARK HEALTH AND REHABILITATION CENTER,1720 N MCDONALD,MCKINNEY,TX,75069,9/29/17,Fine,154592
675217,ELKHART OAKS CARE CENTER,214 JONES RD,ELKHART,TX,75839,10/11/17,Fine,107770
675918,GRACY WOODS NURSING CENTER,12021 METRIC BLVD,AUSTIN,TX,78758,10/12/17,Fine,11506
455637,WELLINGTON REHABILITATION AND HEALTHCARE,1802 S 31ST,TEMPLE,TX,76504,10/13/17,Fine,13000
676183,HUNTINGTON HEALTH CARE & REHABILITATION CENTER,220 E ASH STREET,HUNTINGTON,TX,75949,10/18/17,Fine,7047
676217,ROYSE CITY HEALTH AND REHABILITATION CENTER,901 W INTERSTATE 30,ROYSE CITY,TX,75189,10/19/17,Fine,6893
675963,NORTH POINTE NURSING AND REHABILITATION LP,7804 VIRGIL ANTHONY BLVD,WATAUGA,TX,76148,10/20/17,Fine,65015
675011,JACKSONVILLE HEALTHCARE CENTER,305 BONITA ST,JACKSONVILLE,TX,75766,10/25/17,Fine,7800
676010,LEGACY REHABILITATION AND LIVING,4033 W 51ST AVE,AMARILLO,TX,79109,10/25/17,Fine,6500
676102,SENIOR CARE OF JACKSONVILLE,810 BELAIRE STREET,JACKSONVILLE,TX,75766,10/25/17,Fine,9428
676036,VISTA RIDGE NURSING & REHABILITATION CENTER,700 E VISTA RIDGE MALL DR,LEWISVILLE,TX,75067,10/27/17,Fine,7023
455020,COLONIAL MANOR CARE CENTER,821 US HWY 81 W,NEW BRAUNFEL,TX,78130,11/3/17,Fine,47283
675058,HOMEPLACE MANOR,425 SW AVE F,HAMLIN,TX,79520,11/6/17,Fine,46800
676017,RANGER CARE CENTER,460 W MAIN ST,RANGER,TX,76470,11/7/17,Fine,13585
455796,TOWN AND COUNTRY MANOR,625 N MAIN ST,BOERNE,TX,78006,11/10/17,Fine,8648
675856,WHITESBORO HEALTH AND REHABILITATION CENTER,1204 SHERMAN DR,WHITESBORO,TX,76273,11/14/17,Fine,22100
675948,PARK PLACE MANOR INC,810 E 13TH AVE,BELTON,TX,76513,11/15/17,Fine,10482
676393,LAS VENTANAS DE SOCORRO,10064 ALAMEDA AVENUE,SOCORRO,TX,79927,11/16/17,Fine,115683
675614,BALLINGER HEALTHCARE AND REHABILITATION CENTER,2001 6TH ST,BALLINGER,TX,76821,11/18/17,Fine,25487
676019,LAMPSTAND NURSING AND REHABILITATION LP,2001 E 29TH ST,BRYAN,TX,77802,11/18/17,Fine,51478
675850,TRISUN CARE CENTER-COASTAL PALMS,221 CEDAR DR,PORTLAND,TX,78374,11/20/17,Fine,32338
675821,MADISONVILLE CARE CENTER,411 E COLLARD,MADISONVILLE,TX,77864,12/13/17,Fine,6500
675594,TERRACE WEST NURSING AND REHABILITATION LP,2800 MIDLAND DR,MIDLAND,TX,79707,12/15/17,Fine,80705
675295,LYTLE NURSING HOME,15366 OAK ST,LYTLE,TX,78052,4/5/18,Fine,33737
455020,COLONIAL MANOR CARE CENTER,821 US HWY 81 W,NEW BRAUNFELS,TX,78130,1/22/18,Fine,61493
455712,GOLDEN AGE HEALTHCARE RESIDENCE,704 DOBKINS,DUBLIN,TX,76446,8/16/18,Fine,8079
455951,REGAL HEALTHCARE RESIDENCE,1000 AVE J,LAMPASAS,TX,76550,2/23/18,Fine,22412
675089,FOCUSED CARE AT SHERMAN,817 W CENTER,SHERMAN,TX,75090,5/8/18,Fine,12946
675128,MIDWESTERN HEALTHCARE CENTER,601 MIDWESTERN PKWY,WICHITA FALLS,TX,76302,5/29/18,Fine,13655
675408,OVERTON HEALTHCARE CENTER,1110 HWY 135 S,OVERTON,TX,75684,9/25/18,Fine,5085
675408,OVERTON HEALTHCARE CENTER,1110 HWY 135 S,OVERTON,TX,75684,4/4/19,Fine,11512
675556,CYPRESS WOODS CARE CENTER,135 1/2 HOSPITAL DR,ANGLETON,TX,77515,8/15/18,Fine,7150
675847,WINTERS HEALTHCARE RESIDENCE,506 VAN NESS,WINTERS,TX,79567,7/20/18,Fine,10175
675976,WINFIELD REHAB & NURSING,1108 E LOOP 304,CROCKETT,TX,75835,1/11/18,Fine,73783
676007,WILLOW REHAB & NURSING,1901 WHIPPOORWILL,KILGORE,TX,75662,8/1/18,Fine,13627
676379,PATHWAYS MEMORY CARE AT VILLA TOSCANA,2930 CYPRESS GROVE MEADOWS,HOUSTON,TX,77014,3/22/18,Fine,6500
676420,BRIGHTPOINTE AT RIVERSHIRE,604 S CONROE MEDICAL DR,CONROE,TX,77304,10/3/18,Fine,12678
676431,CIMARRON PARK NURSING AND REHABILITATION CENTER,7441 PASEO DEL NORTE,EL PASO,TX,79911,9/7/18,Fine,18133
676111,THE BUCKINGHAM,8580 WOODWAY DRIVE,HOUSTON,TX,77063,11/8/18,Fine,10805
675259,CISCO NURSING & REHABILITATION,1404 FRONT ST,CISCO,TX,76437,11/9/18,Fine,10273
455575,RETAMA MANOR NURSING CENTER,2322 MORGAN AVE,CORPUS CHRISTI,TX,78405,11/30/18,Fine,13627
455602,WESTERN HILLS HEALTHCARE RESIDENCE,400 OLD SIDNEY RD,COMANCHE,TX,76442,1/29/18,Fine,215676
455819,ARLINGTON HEIGHTS HEALTH AND REHABILITATION CENTER,4825 WELLESLEY ST,FORT WORTH,TX,76107,1/5/18,Fine,13000
455359,CORPUS NURSING AND REHABILITATION LP,1314 3RD STREET,CORPUS CHRISTI,TX,78401,11/4/18,Fine,26006
455838,ROBSTOWN NURSING AND REHABILITATION CENTER,603 E AVE J,ROBSTOWN,TX,78380,4/6/18,Fine,5710
455494,GLENVIEW WELLNESS & REHABILITATION,7625 GLENVIEW DR,NORTH RICHLAND HILLS,TX,76180,1/20/18,Fine,74963
455589,FORTRESS NURSING AND REHABILITATION LP,1105 ROCK PRAIRIE RD,COLLEGE STATION,TX,77845,10/15/18,Fine,8102
455756,ROYAL OAKS RESIDENCE AND REHABILITATION CENTER,2939 WOODLAND PARK DR,HOUSTON,TX,77082,5/21/18,Fine,13627
455579,SULPHUR SPRINGS HEALTH AND REHABILITATION,411 AIRPORT RD,SULPHUR SPRINGS,TX,75482,6/20/18,Fine,8648
455931,ADVANCED REHABILITATION AND HEALTHCARE OF VERNON,4401 COLLEGE DR,VERNON,TX,76384,3/14/18,Fine,7088
455463,THE MEADOWS HEALTH AND REHABILITATION CENTER,8383 MEADOW RD,DALLAS,TX,75231,11/3/18,Fine,38470
455690,PARKS HEALTH CENTER,111 PARKS VILLAGE DR,ODESSA,TX,79765,11/13/18,Fine,7153
675241,MAGNOLIA PLACE,1307 MARTIN LUTHER KING DR,JEFFERSON,TX,75657,6/7/18,Fine,26792
455854,THE FORUM AT MEMORIAL WOODS HEALTHCARE CENTER,777 N POST OAK RD,HOUSTON,TX,77024,7/25/18,Fine,26600
455703,OAKMONT HEALTHCARE AND REHABILITATION CENTER OF KA,1525 TULL DR,KATY,TX,77449,2/20/19,Fine,73629
455682,AFTON OAKS NURSING CENTER,7514 KINGSLEY ST,HOUSTON,TX,77087,8/8/18,Fine,10403
455823,TREEMONT HEALTHCARE AND REHABILITATION CENTER,5550 HARVEST HILL RD,DALLAS,TX,75230,12/22/18,Fine,30140
455900,FOCUSED CARE AT MOUNT PLEASANT,1606 MEMORIAL AVE,MOUNT PLEASANT,TX,75455,8/14/18,Fine,7803
455532,PLEASANT SPRINGS HEALTHCARE CENTER,2003 N EDWARDS ST,MOUNT PLEASANT,TX,75455,6/1/18,Fine,13627
455675,PLUM CREEK HEALTHCARE RESIDENCE,5601 PLUM CREEK DR,AMARILLO,TX,79124,2/26/18,Fine,142194
455532,PLEASANT SPRINGS HEALTHCARE CENTER,2003 N EDWARDS ST,MOUNT PLEASANT,TX,75455,2/15/18,Fine,7543
455653,SKYLINE NURSING CENTER,3326 BURGOYNE,DALLAS,TX,75233,5/4/18,Fine,13837
455678,SUMMER MEADOWS,301 HOLLYBROOK DR,LONGVIEW,TX,75605,12/13/18,Fine,10403
455744,MULBERRY MANOR,1670 LINGLEVILLE RD,STEPHENVILLE,TX,76401,1/31/18,Fine,40450
455569,HERITAGE AT LONGVIEW HEALTHCARE CENTER,112 RUTHLYNN DR,LONGVIEW,TX,75605,5/11/18,Fine,6500
455794,WILLOWBROOK RESIDENCE AND REHABILITATION CENTER,13631 ARDFIELD DR,HOUSTON,TX,77070,2/9/18,Fine,64326
455618,EDEN HOME INC,631 LAKEVIEW BLVD,NEW BRAUNFELS,TX,78130,7/23/18,Fine,86689
455725,OAKMONT HEALTHCARE AND REHABILITATION CENTER OF HU,8450 WILL CLAYTON PKWY,HUMBLE,TX,77338,6/14/18,Fine,106615
455557,THE PALMS NURSING & REHABILITATION,5607 EVERHART RD,CORPUS CHRISTI,TX,78411,7/21/18,Fine,79344
675494,KLEBERG COUNTY NURSING AND REHABILITATION LP,316 GENERAL CAVAZOS BLVD,KINGSVILLE,TX,78363,4/28/18,Fine,8775
675494,KLEBERG COUNTY NURSING AND REHABILITATION LP,316 GENERAL CAVAZOS BLVD,KINGSVILLE,TX,78363,9/19/18,Fine,12678
676326,EDGEWOOD REHABILITATION AND CARE CENTER,1101 WINDBELL DR,MESQUITE,TX,75149,1/26/18,Fine,33150
675819,PARK MANOR OF SOUTH BELT,11902 RESOURCE PKWY,HOUSTON,TX,77089,3/9/18,Fine,8648
676208,GRACE CARE CENTER OF CYPRESS,9602 HUFFMEISTER RD,HOUSTON,TX,77095,7/26/18,Fine,8648
675289,PINECREST NURSING & REHABILITATION CENTER,3505 OLD JACKSONVILLE RD,TYLER,TX,75701,2/7/18,Fine,2496
676045,BRENTWOOD TERRACE HEALTHCARE AND REHABILITATION,2885 STILLHOUSE ROAD,PARIS,TX,75460,10/3/18,Fine,7800
675680,BRENTWOOD PLACE ONE,3505 S BUCKNER BLVD BLDG 2,DALLAS,TX,75227,9/17/18,Fine,14024
676416,BRIGHTPOINTE AT LYTLE LAKE,1201 CLARKS DR,ABILENE,TX,79602,3/8/19,Fine,7296
676164,COLONIAL BELLE NURSING HOME,106 N BARON,BELLVILLE,TX,77418,9/20/18,Fine,7153
675330,THE OAKS AT RADFORD HILLS,725 MEDICAL DR,ABILENE,TX,79601,4/17/18,Fine,68913
676235,ROCK CREEK HEALTH AND REHABILITATION LLC,1414 COLLEGE STREET,SULPHUR SPRINGS,TX,75482,3/23/18,Fine,8648
676227,COPPERAS HOLLOW NURSING & REHABILITATION CENTER,345 COUNTRY CLUB DR,CALDWELL,TX,77836,6/7/18,Fine,40326
675133,HIGHLAND PINES NURSING HOME,1100 N 4TH ST,LONGVIEW,TX,75601,7/20/18,Fine,9428
675991,PARK MANOR OF HUMBLE,19424 MCKAY DR,HUMBLE,TX,77338,7/23/18,Fine,7901
676244,GRACE CARE CENTER AT NORTHPOINTE,11830 NORTHPOINTE BOULEVARD,TOMBALL,TX,77377,11/9/18,Fine,7673
676417,STERLING OAKS REHABILITATION,25150 LAKECREST MANOR DR,KATY,TX,77493,1/4/18,Fine,7283
675615,MERIDIAN CARE AT GRAYSON SQUARE,815  E  GRAYSON  ST,SAN ANTONIO,TX,78208,12/12/18,Fine,11517
676256,SAN REMO,3550 N SHILOH RD,RICHARDSON,TX,75082,7/27/18,Fine,27119
675398,FOCUSED CARE OF CENTER,501 TIMPSON,CENTER,TX,75935,8/23/18,Fine,16145
675493,HIGHLAND PARK CARE CENTER,8861 FULTON ST,HOUSTON,TX,77022,7/19/18,Fine,7023
675386,WHISPERING PINES LODGE,2131 ALPINE RD,LONGVIEW,TX,75601,5/18/18,Fine,13627
676319,CORINTH REHABILITATION SUITES ON THE PARKWAY,3511 CORINTH PARKWAY,CORINTH,TX,76208,4/13/18,Fine,50063
676253,LEGEND OAKS HEALTHCARE AND REHABILITATION - ENNIS,1400 MEDICAL CENTER DRIVE,ENNIS,TX,75119,5/17/18,Fine,7150
676155,THE COURTYARDS AT PASADENA,4048 RED BLUFF ROAD,PASADENA,TX,77503,3/1/18,Fine,7088
675226,STEVENS NURSING AND REHABILITATION CENTER OF HALLE,106 KAHN ST,HALLETTSVILLE,TX,77964,8/8/18,Fine,19481
676152,"SEVEN ACRES JEWISH SENIOR CARE SERVICES, INC",6200 N BRAESWOOD,HOUSTON,TX,77074,3/28/18,Fine,13305
676422,PALOMINO PLACE,3160 GUS THOMASSON ROAD,MESQUITE,TX,75150,4/25/18,Fine,40250
675111,HERITAGE GARDENS REHABILITATION AND HEALTHCARE,2135 N DENTON DR,CARROLLTON,TX,75006,3/15/18,Fine,7150
675220,AVALON PLACE KIRBYVILLE,700 N HERNDON,KIRBYVILLE,TX,75956,7/25/18,Fine,7023
676251,LEGEND OAKS HEALTHCARE AND REHABILITATION - NORTH/,12921 MISTY WILLOW DR,HOUSTON,TX,77070,1/12/18,Fine,22106
676166,COLONIAL BELLE NURSING HOME SEALY,1401 EAGLE LAKE ROAD,SEALY,TX,77474,8/24/18,Fine,7023
675801,GILMER NURSING AND REHABILITATION LP,703 TITUS STREET,GILMER,TX,75644,3/15/18,Fine,26627
675670,TRISUN CARE CENTER-WESTWOOD,801 CANTWELL LN,CORPUS CHRISTI,TX,78408,3/1/18,Fine,21450
676218,JEFFERSON NURSING AND REHABILITATION CENTER,3840 POINTE PARKWAY,BEAUMONT,TX,77706,12/13/18,Fine,11805
676357,THE BROADMOOR AT CREEKSIDE PARK,5665 CREEKSIDE FOREST DRIVE,THE WOODLANDS,TX,77389,7/6/18,Fine,7803
675438,LAKE SHORE VILLAGE HEALTHCARE CENTER,2320 LAKE SHORE DR,WACO,TX,76708,1/28/19,Fine,7023
676143,KINDRED TRANSITIONAL CARE AND REHABILITATION-MANSF,301 N MILLER RD,MANSFIELD,TX,76063,3/6/18,Fine,10004
676259,SHINNERY OAKS COMMUNITY,711 WEST BROADWAY,DENVER CITY,TX,79323,5/25/18,Fine,6500
676060,AMBROSIO GUILLEN TEXAS STATE VETERANS HOME,9650 KENWORTHY ST,EL PASO,TX,79924,7/30/18,Fine,27701
675905,WOODRIDGE NURSING & REHABILITATION,1500 AUTUMN DR,GRAPEVINE,TX,76051,11/28/18,Fine,13452
676384,THE MEDICAL RESORT AT SUGAR LAND,1803 WESCOTT AVENUE,SUGAR LAND,TX,77479,5/17/18,Fine,47767
675998,LEGACY AT TOWN CREEK,2212 W REAGAN ST,PALESTINE,TX,75801,1/22/19,Fine,7673
675949,MSHC THE WATERTON AT COWHORN CREEK LLC,5524 COWHORN CREEK,TEXARKANA,TX,75503,6/12/18,Fine,8125
675595,SPRING CREEK NURSING AND REHABILITATION LP,2660 BRICKYARD RD,BEAUMONT,TX,77703,1/25/18,Fine,31051
676332,THE MEDICAL RESORT AT BAY AREA,4900 EAST SAM HOUSTON PARKWAY SOUTH,PASADENA,TX,77505,2/8/18,Fine,11132
675132,BREMOND NURSING AND REHABILITATION CENTER,211 N MAIN,BREMOND,TX,76629,2/7/18,Fine,12418
676251,LEGEND OAKS HEALTHCARE AND REHABILITATION - NORTH/,12921 MISTY WILLOW DR,HOUSTON,TX,77070,4/20/18,Fine,27254
675147,FIRESIDE LODGE RETIREMENT CENTER INC,4800 WHITE SETTLEMENT RD,FORT WORTH,TX,76114,10/10/18,Fine,7206
676143,KINDRED TRANSITIONAL CARE AND REHABILITATION-MANSF,301 N MILLER RD,MANSFIELD,TX,76063,10/13/18,Fine,147847
675078,GALLERIA RESIDENCE AND REHABILITATION CENTER,2808 STONEYBROOK DRIVE,HOUSTON,TX,77063,7/5/18,Fine,49791
676319,CORINTH REHABILITATION SUITES ON THE PARKWAY,3511 CORINTH PARKWAY,CORINTH,TX,76208,2/10/18,Fine,21732
675537,BROWNWOOD NURSING AND REHABILITATION LP,101 MILLER DR,BROWNWOOD,TX,76801,5/3/18,Fine,13627
675701,LAWRENCE STREET HEALTH CARE CENTER,615 LAWRENCE ST,TOMBALL,TX,77375,5/21/18,Fine,9428
675046,ROSENBERG HEALTH & REHABILITATION CENTER,1419 MAHLMAN ST,ROSENBERG,TX,77471,1/12/18,Fine,149995
676207,THE COLONNADES AT REFLECTION BAY,12001 SHADOW CREEK PARKWAY,PEARLAND,TX,77584,2/15/19,Fine,7296
675849,BAYTOWN NURSING & REHAB CENTER,3921 N MAIN,BAYTOWN,TX,77521,6/6/18,Fine,9428
675964,MRC CREEKSIDE,1433 VETERANS MEMORIAL PARKWAY,HUNTSVILLE,TX,77340,2/1/18,Fine,11053
676208,GRACE CARE CENTER OF CYPRESS,9602 HUFFMEISTER RD,HOUSTON,TX,77095,7/26/18,Fine,20407
676006,RICHMOND HEALTH CARE CENTER,705 JACKSON ST,RICHMOND,TX,77469,9/13/18,Fine,11053
675264,ATHENS HEALTHCARE AND REHABILITATION CENTER,305 S PALESTINE ST,ATHENS,TX,75751,4/13/18,Fine,24610
676432,CEDAR POINTE HEALTH AND WELLNESS SUITES,1301 COTTONWOOD CREEK TRAIL,CEDAR PARK,TX,78613,10/12/18,Fine,7023
676289,THE ATRIUM OF BELLMEAD LLC,2401 DEVELOPMENT BLVD.,BELLMEAD,TX,76705,8/17/18,Fine,7053
676101,KINDRED TRANSITIONAL CARE AND REHABILITATION-RIDGM,6600 LANDS END COURT,FORT WORTH,TX,76116,4/20/18,Fine,6500
675052,LAPORTE HEALTHCARE CENTER,208 SOUTH UTAH,LA PORTE,TX,77571,4/5/18,Fine,139807
675330,THE OAKS AT RADFORD HILLS,725 MEDICAL DR,ABILENE,TX,79601,9/13/18,Fine,13627
676280,ESTRELLA OAKS REHABILITATION AND CARE CENTER,4011 WILLIAMS DR,GEORGETOWN,TX,78628,4/12/18,Fine,23406
675201,HILLSIDE MEDICAL LODGE,300 S. HIGHWAY 36 BYPASS,GATESVILLE,TX,76528,2/8/19,Fine,13905
675132,BREMOND NURSING AND REHABILITATION CENTER,211 N MAIN,BREMOND,TX,76629,9/8/18,Fine,16421
675963,NORTH POINTE NURSING AND REHABILITATION LP,7804 VIRGIL ANTHONY BLVD,WATAUGA,TX,76148,3/30/18,Fine,8775
675916,ARLINGTON VILLA RETIREMENT COMMUNITY,2601 W RANDOL MILL RD,ARLINGTON,TX,76012,4/19/18,Fine,13627
676399,SAN SABA REHABILITATION LP,2400 WEST BROWN STREET,SAN SABA,TX,76877,3/22/18,Fine,13000
676249,THE CARLYLE AT STONEBRIDGE PARK,170 STONEBRIDGE LANE,SOUTHLAKE,TX,76092,1/25/19,Fine,33592
676227,COPPERAS HOLLOW NURSING & REHABILITATION CENTER,345 COUNTRY CLUB DR,CALDWELL,TX,77836,9/13/18,Fine,103244
676324,OAK MANOR NURSING HOME,1200 FERGUSON ST,NACOGDOCHES,TX,75961,12/19/18,Fine,27254
675793,BROOKHOLLOW HEIGHTS TRANSITIONAL CARE CENTER,1737 N LOOP W,HOUSTON,TX,77008,1/29/19,Fine,16000
676059,PARK MANOR OF WESTCHASE,11910 RICHMOND AVE,HOUSTON,TX,77082,11/21/18,Fine,8769
676428,VIBRALIFE OF EL PASO REHABILITATION CENTER,3421 JOE BATTLE BOULEVARD,EL PASO,TX,79936,7/23/18,Fine,7803
675686,WINTERHAVEN HEALTHCARE RESIDENCE,6534 STUEBNER AIRLINE RD,HOUSTON,TX,77091,9/5/18,Fine,16596
675361,WHARTON NURSING AND REHABILITATION CENTER,1220 SUNNY LANE,WHARTON,TX,77488,6/5/18,Fine,15925
676005,PARK PLACE NURSING & REHABILITATION CENTER,2450 E FIFTH ST,TYLER,TX,75701,6/14/18,Fine,7023
675779,MARINE CREEK NURSING AND REHABILITATION LP,3600 ANGLE AVE,FORT WORTH,TX,76106,4/12/18,Fine,6893
675396,RETAMA MANOR/LAREDO SOUTH,1100 GALVESTON,LAREDO,TX,78040,3/11/18,Fine,57337
676242,GANADO NURSING AND REHABILITATION CENTER,107 E ROGERS,GANADO,TX,77962,8/24/18,Fine,8323
675602,FOCUSED CARE OF GILMER,623 HWY 155N,GILMER,TX,75644,4/5/18,Fine,20915
676163,BENDER TERRACE OF LUBBOCK,4510 27TH ST,LUBBOCK,TX,79410,3/21/18,Fine,20748
675001,EASTLAND NURSING & REHABILITATION,700 S OSTROM ST,EASTLAND,TX,76448,2/14/18,Fine,13808
676244,GRACE CARE CENTER AT NORTHPOINTE,11830 NORTHPOINTE BOULEVARD,TOMBALL,TX,77377,7/31/18,Fine,8648
676342,ST. TERESA NURSING AND REHABILITATION CENTER,10350 MONTANA AVENUE,EL PASO,TX,79925,3/15/18,Fine,13421
675897,FRANKLIN NURSING HOME,700 HEARNE ST,FRANKLIN,TX,77856,8/21/18,Fine,12678
676112,CRESTVIEW COURT,224 W PLEASANT RUN RD,CEDAR HILL,TX,75104,9/15/18,Fine,8778
675791,BRIARWOOD NURSING & REHABILITATION,7633 BELLFORT,HOUSTON,TX,77061,6/7/18,Fine,30865
675996,COLUMBUS OAKS HEALTHCARE COMMUNITY,300 NORTH ST,COLUMBUS,TX,78934,11/1/18,Fine,41506
675820,THE LENNWOOD NURSING AND REHABILITATION,8017 W VIRGINIA DR,DALLAS,TX,75237,3/12/18,Fine,29599
676383,INSPIRE NEW BOSTON,210 RICE ST,NEW BOSTON,TX,75570,4/26/18,Fine,155030
675646,SNYDER OAKS CARE CENTER,210 E 37TH ST,SNYDER,TX,79549,6/11/18,Fine,105176
675851,GEORGIA MANOR NURSING HOME,2611 W 46TH AVE,AMARILLO,TX,79110,1/30/18,Fine,13458
675789,WOODRIDGE NURSING & REHABILITATION,8810 LONG POINT DR,HOUSTON,TX,77055,2/1/18,Fine,14696
675949,MSHC THE WATERTON AT COWHORN CREEK LLC,5524 COWHORN CREEK,TEXARKANA,TX,75503,4/13/18,Fine,79000
675365,PASADENA CARE CENTER,4006 VISTA RD,PASADENA,TX,77504,9/4/18,Fine,10628
676384,THE MEDICAL RESORT AT SUGAR LAND,1803 WESCOTT AVENUE,SUGAR LAND,TX,77479,3/6/18,Fine,32410
675346,HERITAGE OAKS NURSING AND REHABILITATION CENTER,5301 UNIVERSITY AVE,LUBBOCK,TX,79413,6/24/18,Fine,13627
675817,FT WORTH SOUTHWEST NURSING CENTER,5300 ALTA MESA BLVD,FORT WORTH,TX,76133,2/3/18,Fine,207058
676004,THE HILLS NURSING & REHABILITATION,201 E THOMPSON ST,DECATUR,TX,76234,1/5/18,Fine,8125
676262,THE HEIGHTS OF TYLER,2650 ELKTON TRAIL,TYLER,TX,75703,7/17/18,Fine,10521
676221,HERITAGE PARK OF KATY NURSING AND REHABILITATION,6001 GEORGE BUSH DR,KATY,TX,77493,4/20/18,Fine,10397
676193,THE WATERTON HEALTHCARE & REHABILITATION,2875 SHILOH ROAD,TYLER,TX,75703,6/6/18,Fine,13328
675267,GREENBRIER NURSING & REHABILITATION CENTER OF TYLE,3526 W ERWIN ST,TYLER,TX,75702,9/18/18,Fine,8648
675440,SOUTH DALLAS NURSING & REHABILITATION,3808 S CENTRAL EXPWY,DALLAS,TX,75215,12/5/18,Fine,8128
675791,BRIARWOOD NURSING & REHABILITATION,7633 BELLFORT,HOUSTON,TX,77061,8/31/18,Fine,8775
675202,LEXINGTON PLACE NURSING & REHABILITATION,611 NW STALLINGS DR,NACOGDOCHES,TX,75961,1/3/19,Fine,7023
676019,LAMPSTAND NURSING AND REHABILITATION LP,2001 E 29TH ST,BRYAN,TX,77802,7/30/18,Fine,7543
675783,THE VILLA AT MOUNTAIN VIEW,2918 DUNCANVILLE RD,DALLAS,TX,75211,9/27/18,Fine,8066
675386,WHISPERING PINES LODGE,2131 ALPINE RD,LONGVIEW,TX,75601,10/19/18,Fine,9407
675630,FALFURRIAS NURSING AND REHABILITATION LP,1301 S TERRELL ST,FALFURRIAS,TX,78355,6/22/18,Fine,107666
676341,CAPROCK NURSING & REHABILITATION,900 COLLEGE AVE,BORGER,TX,79007,1/11/18,Fine,13709
676163,BENDER TERRACE OF LUBBOCK,4510 27TH ST,LUBBOCK,TX,79410,8/28/18,Fine,14505
675057,BALCH SPRINGS NURSING HOME,4200 SHEPHERD LN,BALCH SPRINGS,TX,75180,3/13/18,Fine,7153
675533,BROOKDALE SPICEWOOD SPRINGS,4401 SPICEWOOD SPRINGS RD,AUSTIN,TX,78759,2/8/19,Fine,229843
675478,PRAIRIE HOUSE LIVING CENTER,1301 MESA DR,PLAINVIEW,TX,79072,6/28/18,Fine,9750
676354,SILVERADO HERMANN PARK,5600 CHENEVERT STREET,HOUSTON,TX,77004,5/4/18,Fine,31827
675240,THE SPRINGS,704 N TAYLOR RD,HUGHES SPRINGS,TX,75656,7/5/18,Fine,8648
676348,MADISON MEDICAL RESORT,5001 OFFICE PARK DRIVE,ODESSA,TX,79762,10/4/18,Fine,7023
676187,HERITAGE HOUSE OF MARSHALL HEALTH & REHABILITATION,5915 ELYSIAN FIELDS ROAD,MARSHALL,TX,75672,4/27/18,Fine,19344
675423,ASHFORD GARDENS,7210 NORTHLINE DR,HOUSTON,TX,77076,1/17/19,Fine,87793
675836,HILL COUNTRY CARE CENTER,111 HOSPITAL DR,JUNCTION,TX,76849,6/27/18,Fine,14390
675259,CISCO NURSING & REHABILITATION,1404 FRONT ST,CISCO,TX,76437,5/10/18,Fine,73829
676179,SENIOR CARE OF MIDLAND,3000 MOCKINGBIRD LN,MIDLAND,TX,79705,4/16/18,Fine,21230
675691,HUNTSVILLE HEALTH CARE CENTER,2628 MILAM,HUNTSVILLE,TX,77340,1/3/19,Fine,10644
675231,"JACINTO NURSING & REHABILITATION CENTER, LLC",1405 HOLLAND,HOUSTON,TX,77029,4/6/18,Fine,13627
675379,HAVENCARE NURSING AND REHABILITATION CENTER LLC,111 RUTHLYNN DR,LONGVIEW,TX,75601,2/23/18,Fine,7543
676003,AZLE MANOR HEALTH CARE AND REHABILITATION,721 DUNAWAY LN,AZLE,TX,76020,2/13/18,Fine,10000
675932,ARBOR TERRACE HEALTHCARE CENTER,609 RIO CONCHO DR,SAN ANGELO,TX,76903,8/6/18,Fine,13328
676204,CEDAR BAYOU NURSING & REHAB CENTER,2000 W BAKER RD,BAYTOWN,TX,77521,3/29/18,Fine,153030
675840,LEXINGTON PLACE NURSING & REHABILITATION,7146 BAKER BLVD,RICHLAND HILLS,TX,76118,4/12/18,Fine,9428
675109,THE VILLAGE AT RICHARDSON,1111 ROCKINGHAM LN,RICHARDSON,TX,75080,5/23/18,Fine,2145
675597,FREE STATE CRESTWOOD,1448 HOUSTON ST,WILLS POINT,TX,75169,4/19/18,Fine,22073
675789,WOODRIDGE NURSING & REHABILITATION,8810 LONG POINT DR,HOUSTON,TX,77055,8/13/18,Fine,20127
675361,WHARTON NURSING AND REHABILITATION CENTER,1220 SUNNY LANE,WHARTON,TX,77488,12/20/18,Fine,10000
675028,ESTATES HEALTHCARE AND REHABILITATION CENTER,201 SYCAMORE SCHOOL RD,FORT WORTH,TX,76134,2/3/18,Fine,121256
675748,HERITAGE TRAILS NURSING AND REHABILITATION CENTER,301 LINCOLN PARK DR,CLEBURNE,TX,76033,6/21/18,Fine,13523
675379,HAVENCARE NURSING AND REHABILITATION CENTER LLC,111 RUTHLYNN DR,LONGVIEW,TX,75601,4/5/18,Fine,10273
675037,PITTSBURG NURSING CENTER,123 PECAN GROVE,PITTSBURG,TX,75686,6/7/18,Fine,111702